time (in seconds),queue density
0.0666092,0.0329605
0.133218,0.0329605
0.199828,0.0329605
0.266437,0.0329605
0.333046,0.0329605
0.399655,0.0923491
0.466264,0.0923491
0.532873,0.0923491
0.599483,0.0923491
0.666092,0.0923491
0.732701,0.117562
0.79931,0.117562
0.865919,0.117562
0.932529,0.117562
0.999138,0.117562
1.06575,0.130467
1.13236,0.130467
1.19897,0.130467
1.26557,0.130467
1.33218,0.130467
1.39879,0.138559
1.4654,0.138559
1.53201,0.138559
1.59862,0.138559
1.66523,0.138559
1.73184,0.147133
1.79845,0.147133
1.86506,0.147133
1.93167,0.147133
1.99828,0.147133
2.06488,0.155625
2.13149,0.155625
2.1981,0.155625
2.26471,0.155625
2.33132,0.155625
2.39793,0.156871
2.46454,0.156871
2.53115,0.156871
2.59776,0.156871
2.66437,0.156871
2.73098,0.158956
2.79759,0.158956
2.86419,0.158956
2.9308,0.158956
2.99741,0.158956
3.06402,0.159301
3.13063,0.159301
3.19724,0.159301
3.26385,0.159301
3.33046,0.159301
3.39707,0.162553
3.46368,0.162553
3.53029,0.162553
3.5969,0.162553
3.6635,0.162553
3.73011,0.171049
3.79672,0.171049
3.86333,0.171049
3.92994,0.171049
3.99655,0.171049
4.06316,0.175493
4.12977,0.175493
4.19638,0.175493
4.26299,0.175493
4.3296,0.175493
4.39621,0.1713
4.46282,0.1713
4.52942,0.1713
4.59603,0.1713
4.66264,0.1713
4.72925,0.173005
4.79586,0.173005
4.86247,0.173005
4.92908,0.173005
4.99569,0.173005
5.0623,0.178702
5.12891,0.178702
5.19552,0.178702
5.26213,0.178702
5.32873,0.178702
5.39534,0.18906
5.46195,0.18906
5.52856,0.18906
5.59517,0.18906
5.66178,0.18906
5.72839,0.206706
5.795,0.206706
5.86161,0.206706
5.92822,0.206706
5.99483,0.206706
6.06144,0.236939
6.12804,0.236939
6.19465,0.236939
6.26126,0.236939
6.32787,0.236939
6.39448,0.250349
6.46109,0.250349
6.5277,0.250349
6.59431,0.250349
6.66092,0.250349
6.72753,0.257101
6.79414,0.257101
6.86075,0.257101
6.92735,0.257101
6.99396,0.257101
7.06057,0.248958
7.12718,0.248958
7.19379,0.248958
7.2604,0.248958
7.32701,0.248958
7.39362,0.252167
7.46023,0.252167
7.52684,0.252167
7.59345,0.252167
7.66006,0.252167
7.72666,0.264147
7.79327,0.264147
7.85988,0.264147
7.92649,0.264147
7.9931,0.264147
8.05971,0.266588
8.12632,0.266588
8.19293,0.266588
8.25954,0.266588
8.32615,0.266588
8.39276,0.268257
8.45937,0.268257
8.52598,0.268257
8.59258,0.268257
8.65919,0.268257
8.7258,0.283623
8.79241,0.283623
8.85902,0.283623
8.92563,0.283623
8.99224,0.283623
9.05885,0.291938
9.12546,0.291938
9.19207,0.291938
9.25868,0.291938
9.32529,0.291938
9.39189,0.294258
9.4585,0.294258
9.52511,0.294258
9.59172,0.294258
9.65833,0.294258
9.72494,0.289955
9.79155,0.289955
9.85816,0.289955
9.92477,0.289955
9.99138,0.289955
10.058,0.284524
10.1246,0.284524
10.1912,0.284524
10.2578,0.284524
10.3244,0.284524
10.391,0.279978
10.4576,0.279978
10.5243,0.279978
10.5909,0.279978
10.6575,0.279978
10.7241,0.275382
10.7907,0.275382
10.8573,0.275382
10.9239,0.275382
10.9905,0.275382
11.0571,0.272204
11.1237,0.272204
11.1903,0.272204
11.257,0.272204
11.3236,0.272204
11.3902,0.269315
11.4568,0.269315
11.5234,0.269315
11.59,0.269315
11.6566,0.269315
11.7232,0.267642
11.7898,0.267642
11.8564,0.267642
11.923,0.267642
11.9897,0.267642
12.0563,0.26562
12.1229,0.26562
12.1895,0.26562
12.2561,0.26562
12.3227,0.26562
12.3893,0.262748
12.4559,0.262748
12.5225,0.262748
12.5891,0.262748
12.6557,0.262748
12.7224,0.261615
12.789,0.261615
12.8556,0.261615
12.9222,0.261615
12.9888,0.261615
13.0554,0.257285
13.122,0.257285
13.1886,0.257285
13.2552,0.257285
13.3218,0.257285
13.3884,0.257081
13.4551,0.257081
13.5217,0.257081
13.5883,0.257081
13.6549,0.257081
13.7215,0.256388
13.7881,0.256388
13.8547,0.256388
13.9213,0.256388
13.9879,0.256388
14.0545,0.256486
14.1211,0.256486
14.1878,0.256486
14.2544,0.256486
14.321,0.256486
14.3876,0.255361
14.4542,0.255361
14.5208,0.255361
14.5874,0.255361
14.654,0.255361
14.7206,0.256474
14.7872,0.256474
14.8538,0.256474
14.9205,0.256474
14.9871,0.256474
15.0537,0.255941
15.1203,0.255941
15.1869,0.255941
15.2535,0.255941
15.3201,0.255941
15.3867,0.255663
15.4533,0.255663
15.5199,0.255663
15.5865,0.255663
15.6532,0.255663
15.7198,0.255843
15.7864,0.255843
15.853,0.255843
15.9196,0.255843
15.9862,0.255843
16.0528,0.256493
16.1194,0.256493
16.186,0.256493
16.2526,0.256493
16.3192,0.256493
16.3859,0.256117
16.4525,0.256117
16.5191,0.256117
16.5857,0.256117
16.6523,0.256117
16.7189,0.255541
16.7855,0.255541
16.8521,0.255541
16.9187,0.255541
16.9853,0.255541
17.052,0.254957
17.1186,0.254957
17.1852,0.254957
17.2518,0.254957
17.3184,0.254957
17.385,0.255177
17.4516,0.255177
17.5182,0.255177
17.5848,0.255177
17.6514,0.255177
17.718,0.256101
17.7847,0.256101
17.8513,0.256101
17.9179,0.256101
17.9845,0.256101
18.0511,0.255204
18.1177,0.255204
18.1843,0.255204
18.2509,0.255204
18.3175,0.255204
18.3841,0.256333
18.4507,0.256333
18.5174,0.256333
18.584,0.256333
18.6506,0.256333
18.7172,0.262563
18.7838,0.262563
18.8504,0.262563
18.917,0.262563
18.9836,0.262563
19.0502,0.271651
19.1168,0.271651
19.1834,0.271651
19.2501,0.271651
19.3167,0.271651
19.3833,0.266733
19.4499,0.266733
19.5165,0.266733
19.5831,0.266733
19.6497,0.266733
19.7163,0.261243
19.7829,0.261243
19.8495,0.261243
19.9161,0.261243
19.9828,0.261243
20.0494,0.255349
20.116,0.255349
20.1826,0.255349
20.2492,0.255349
20.3158,0.255349
20.3824,0.254546
20.449,0.254546
20.5156,0.254546
20.5822,0.254546
20.6488,0.254546
20.7155,0.25629
20.7821,0.25629
20.8487,0.25629
20.9153,0.25629
20.9819,0.25629
21.0485,0.255455
21.1151,0.255455
21.1817,0.255455
21.2483,0.255455
21.3149,0.255455
21.3815,0.255768
21.4482,0.255768
21.5148,0.255768
21.5814,0.255768
21.648,0.255768
21.7146,0.256074
21.7812,0.256074
21.8478,0.256074
21.9144,0.256074
21.981,0.256074
22.0476,0.256149
22.1142,0.256149
22.1809,0.256149
22.2475,0.256149
22.3141,0.256149
22.3807,0.257128
22.4473,0.257128
22.5139,0.257128
22.5805,0.257128
22.6471,0.257128
22.7137,0.259103
22.7803,0.259103
22.8469,0.259103
22.9136,0.259103
22.9802,0.259103
23.0468,0.263308
23.1134,0.263308
23.18,0.263308
23.2466,0.263308
23.3132,0.263308
23.3798,0.264041
23.4464,0.264041
23.513,0.264041
23.5796,0.264041
23.6463,0.264041
23.7129,0.263798
23.7795,0.263798
23.8461,0.263798
23.9127,0.263798
23.9793,0.263798
24.0459,0.264636
24.1125,0.264636
24.1791,0.264636
24.2457,0.264636
24.3124,0.264636
24.379,0.264652
24.4456,0.264652
24.5122,0.264652
24.5788,0.264652
24.6454,0.264652
24.712,0.264456
24.7786,0.264456
24.8452,0.264456
24.9118,0.264456
24.9784,0.264456
25.0451,0.263296
25.1117,0.263296
25.1783,0.263296
25.2449,0.263296
25.3115,0.263296
25.3781,0.263418
25.4447,0.263418
25.5113,0.263418
25.5779,0.263418
25.6445,0.263418
25.7111,0.270174
25.7778,0.270174
25.8444,0.270174
25.911,0.270174
25.9776,0.270174
26.0442,0.277631
26.1108,0.277631
26.1774,0.277631
26.244,0.277631
26.3106,0.277631
26.3772,0.280076
26.4438,0.280076
26.5105,0.280076
26.5771,0.280076
26.6437,0.280076
26.7103,0.281064
26.7769,0.281064
26.8435,0.281064
26.9101,0.281064
26.9767,0.281064
27.0433,0.292213
27.1099,0.292213
27.1765,0.292213
27.2432,0.292213
27.3098,0.292213
27.3764,0.309314
27.443,0.309314
27.5096,0.309314
27.5762,0.309314
27.6428,0.309314
27.7094,0.331102
27.776,0.331102
27.8426,0.331102
27.9092,0.331102
27.9759,0.331102
28.0425,0.352843
28.1091,0.352843
28.1757,0.352843
28.2423,0.352843
28.3089,0.352843
28.3755,0.375364
28.4421,0.375364
28.5087,0.375364
28.5753,0.375364
28.6419,0.375364
28.7086,0.395374
28.7752,0.395374
28.8418,0.395374
28.9084,0.395374
28.975,0.395374
29.0416,0.415394
29.1082,0.415394
29.1748,0.415394
29.2414,0.415394
29.308,0.415394
29.3746,0.424329
29.4413,0.424329
29.5079,0.424329
29.5745,0.424329
29.6411,0.424329
29.7077,0.435208
29.7743,0.435208
29.8409,0.435208
29.9075,0.435208
29.9741,0.435208
30.0407,0.441728
30.1073,0.441728
30.174,0.441728
30.2406,0.441728
30.3072,0.441728
30.3738,0.446772
30.4404,0.446772
30.507,0.446772
30.5736,0.446772
30.6402,0.446772
30.7068,0.453872
30.7734,0.453872
30.8401,0.453872
30.9067,0.453872
30.9733,0.453872
31.0399,0.460225
31.1065,0.460225
31.1731,0.460225
31.2397,0.460225
31.3063,0.460225
31.3729,0.466844
31.4395,0.466844
31.5061,0.466844
31.5728,0.466844
31.6394,0.466844
31.706,0.467408
31.7726,0.467408
31.8392,0.467408
31.9058,0.467408
31.9724,0.467408
32.039,0.468184
32.1056,0.468184
32.1722,0.468184
32.2388,0.468184
32.3055,0.468184
32.3721,0.468728
32.4387,0.468728
32.5053,0.468728
32.5719,0.468728
32.6385,0.468728
32.7051,0.469007
32.7717,0.469007
32.8383,0.469007
32.9049,0.469007
32.9715,0.469007
33.0382,0.469634
33.1048,0.469634
33.1714,0.469634
33.238,0.469634
33.3046,0.469634
33.3712,0.479497
33.4378,0.479497
33.5044,0.479497
33.571,0.479497
33.6376,0.479497
33.7042,0.499173
33.7709,0.499173
33.8375,0.499173
33.9041,0.499173
33.9707,0.499173
34.0373,0.513057
34.1039,0.513057
34.1705,0.513057
34.2371,0.513057
34.3037,0.513057
34.3703,0.519555
34.4369,0.519555
34.5036,0.519555
34.5702,0.519555
34.6368,0.519555
34.7034,0.538435
34.77,0.538435
34.8366,0.538435
34.9032,0.538435
34.9698,0.538435
35.0364,0.551155
35.103,0.551155
35.1696,0.551155
35.2363,0.551155
35.3029,0.551155
35.3695,0.555235
35.4361,0.555235
35.5027,0.555235
35.5693,0.555235
35.6359,0.555235
35.7025,0.56163
35.7691,0.56163
35.8357,0.56163
35.9023,0.56163
35.969,0.56163
36.0356,0.569283
36.1022,0.569283
36.1688,0.569283
36.2354,0.569283
36.302,0.569283
36.3686,0.574186
36.4352,0.574186
36.5018,0.574186
36.5684,0.574186
36.635,0.574186
36.7017,0.572595
36.7683,0.572595
36.8349,0.572595
36.9015,0.572595
36.9681,0.572595
37.0347,0.571552
37.1013,0.571552
37.1679,0.571552
37.2345,0.571552
37.3011,0.571552
37.3678,0.570345
37.4344,0.570345
37.501,0.570345
37.5676,0.570345
37.6342,0.570345
37.7008,0.568797
37.7674,0.568797
37.834,0.568797
37.9006,0.568797
37.9672,0.568797
38.0338,0.565149
38.1005,0.565149
38.1671,0.565149
38.2337,0.565149
38.3003,0.565149
38.3669,0.572379
38.4335,0.572379
38.5001,0.572379
38.5667,0.572379
38.6333,0.572379
38.6999,0.584504
38.7665,0.584504
38.8332,0.584504
38.8998,0.584504
38.9664,0.584504
39.033,0.599693
39.0996,0.599693
39.1662,0.599693
39.2328,0.599693
39.2994,0.599693
39.366,0.611802
39.4326,0.611802
39.4992,0.611802
39.5659,0.611802
39.6325,0.611802
39.6991,0.638167
39.7657,0.638167
39.8323,0.638167
39.8989,0.638167
39.9655,0.638167
40.0321,0.652478
40.0987,0.652478
40.1653,0.652478
40.2319,0.652478
40.2986,0.652478
40.3652,0.667185
40.4318,0.667185
40.4984,0.667185
40.565,0.667185
40.6316,0.667185
40.6982,0.681524
40.7648,0.681524
40.8314,0.681524
40.898,0.681524
40.9646,0.681524
41.0313,0.688997
41.0979,0.688997
41.1645,0.688997
41.2311,0.688997
41.2977,0.688997
41.3643,0.707466
41.4309,0.707466
41.4975,0.707466
41.5641,0.707466
41.6307,0.707466
41.6973,0.706412
41.764,0.706412
41.8306,0.706412
41.8972,0.706412
41.9638,0.706412
42.0304,0.714191
42.097,0.714191
42.1636,0.714191
42.2302,0.714191
42.2968,0.714191
42.3634,0.719853
42.43,0.719853
42.4967,0.719853
42.5633,0.719853
42.6299,0.719853
42.6965,0.722067
42.7631,0.722067
42.8297,0.722067
42.8963,0.722067
42.9629,0.722067
43.0295,0.747484
43.0961,0.747484
43.1627,0.747484
43.2294,0.747484
43.296,0.747484
43.3626,0.74808
43.4292,0.74808
43.4958,0.74808
43.5624,0.74808
43.629,0.74808
43.6956,0.751105
43.7622,0.751105
43.8288,0.751105
43.8954,0.751105
43.9621,0.751105
44.0287,0.75089
44.0953,0.75089
44.1619,0.75089
44.2285,0.75089
44.2951,0.75089
44.3617,0.750678
44.4283,0.750678
44.4949,0.750678
44.5615,0.750678
44.6282,0.750678
44.6948,0.743879
44.7614,0.743879
44.828,0.743879
44.8946,0.743879
44.9612,0.743879
45.0278,0.744228
45.0944,0.744228
45.161,0.744228
45.2276,0.744228
45.2942,0.744228
45.3609,0.74864
45.4275,0.74864
45.4941,0.74864
45.5607,0.74864
45.6273,0.74864
45.6939,0.747598
45.7605,0.747598
45.8271,0.747598
45.8937,0.747598
45.9603,0.747598
46.0269,0.747351
46.0936,0.747351
46.1602,0.747351
46.2268,0.747351
46.2934,0.747351
46.36,0.756164
46.4266,0.756164
46.4932,0.756164
46.5598,0.756164
46.6264,0.756164
46.693,0.756239
46.7596,0.756239
46.8263,0.756239
46.8929,0.756239
46.9595,0.756239
47.0261,0.760459
47.0927,0.760459
47.1593,0.760459
47.2259,0.760459
47.2925,0.760459
47.3591,0.77035
47.4257,0.77035
47.4923,0.77035
47.559,0.77035
47.6256,0.77035
47.6922,0.780049
47.7588,0.780049
47.8254,0.780049
47.892,0.780049
47.9586,0.780049
48.0252,0.829186
48.0918,0.829186
48.1584,0.829186
48.225,0.829186
48.2917,0.829186
48.3583,0.83071
48.4249,0.83071
48.4915,0.83071
48.5581,0.83071
48.6247,0.83071
48.6913,0.831894
48.7579,0.831894
48.8245,0.831894
48.8911,0.831894
48.9577,0.831894
49.0244,0.834645
49.091,0.834645
49.1576,0.834645
49.2242,0.834645
49.2908,0.834645
49.3574,0.837298
49.424,0.837298
49.4906,0.837298
49.5572,0.837298
49.6238,0.837298
49.6904,0.854141
49.7571,0.854141
49.8237,0.854141
49.8903,0.854141
49.9569,0.854141
50.0235,0.865536
50.0901,0.865536
50.1567,0.865536
50.2233,0.865536
50.2899,0.865536
50.3565,0.868213
50.4231,0.868213
50.4898,0.868213
50.5564,0.868213
50.623,0.868213
50.6896,0.875678
50.7562,0.875678
50.8228,0.875678
50.8894,0.875678
50.956,0.875678
51.0226,0.883257
51.0892,0.883257
51.1559,0.883257
51.2225,0.883257
51.2891,0.883257
51.3557,0.890216
51.4223,0.890216
51.4889,0.890216
51.5555,0.890216
51.6221,0.890216
51.6887,0.890087
51.7553,0.890087
51.8219,0.890087
51.8886,0.890087
51.9552,0.890087
52.0218,0.887681
52.0884,0.887681
52.155,0.887681
52.2216,0.887681
52.2882,0.887681
52.3548,0.886411
52.4214,0.886411
52.488,0.886411
52.5546,0.886411
52.6213,0.886411
52.6879,0.884628
52.7545,0.884628
52.8211,0.884628
52.8877,0.884628
52.9543,0.884628
53.0209,0.876242
53.0875,0.876242
53.1541,0.876242
53.2207,0.876242
53.2873,0.876242
53.354,0.874573
53.4206,0.874573
53.4872,0.874573
53.5538,0.874573
53.6204,0.874573
53.687,0.869733
53.7536,0.869733
53.8202,0.869733
53.8868,0.869733
53.9534,0.869733
54.02,0.872367
54.0867,0.872367
54.1533,0.872367
54.2199,0.872367
54.2865,0.872367
54.3531,0.888359
54.4197,0.888359
54.4863,0.888359
54.5529,0.888359
54.6195,0.888359
54.6861,0.895389
54.7527,0.895389
54.8194,0.895389
54.886,0.895389
54.9526,0.895389
55.0192,0.901604
55.0858,0.901604
55.1524,0.901604
55.219,0.901604
55.2856,0.901604
55.3522,0.903093
55.4188,0.903093
55.4854,0.903093
55.5521,0.903093
55.6187,0.903093
55.6853,0.905057
55.7519,0.905057
55.8185,0.905057
55.8851,0.905057
55.9517,0.905057
56.0183,0.905496
56.0849,0.905496
56.1515,0.905496
56.2181,0.905496
56.2848,0.905496
56.3514,0.907396
56.418,0.907396
56.4846,0.907396
56.5512,0.907396
56.6178,0.907396
56.6844,0.907232
56.751,0.907232
56.8176,0.907232
56.8842,0.907232
56.9508,0.907232
57.0175,0.906734
57.0841,0.906734
57.1507,0.906734
57.2173,0.906734
57.2839,0.906734
57.3505,0.906346
57.4171,0.906346
57.4837,0.906346
57.5503,0.906346
57.6169,0.906346
57.6836,0.907012
57.7502,0.907012
57.8168,0.907012
57.8834,0.907012
57.95,0.907012
58.0166,0.904457
58.0832,0.904457
58.1498,0.904457
58.2164,0.904457
58.283,0.904457
58.3496,0.905551
58.4163,0.905551
58.4829,0.905551
58.5495,0.905551
58.6161,0.905551
58.6827,0.906718
58.7493,0.906718
58.8159,0.906718
58.8825,0.906718
58.9491,0.906718
59.0157,0.906467
59.0823,0.906467
59.149,0.906467
59.2156,0.906467
59.2822,0.906467
59.3488,0.906264
59.4154,0.906264
59.482,0.906264
59.5486,0.906264
59.6152,0.906264
59.6818,0.906138
59.7484,0.906138
59.815,0.906138
59.8817,0.906138
59.9483,0.906138
60.0149,0.906048
60.0815,0.906048
60.1481,0.906048
60.2147,0.906048
60.2813,0.906048
60.3479,0.905398
60.4145,0.905398
60.4811,0.905398
60.5477,0.905398
60.6144,0.905398
60.681,0.905378
60.7476,0.905378
60.8142,0.905378
60.8808,0.905378
60.9474,0.905378
61.014,0.906511
61.0806,0.906511
61.1472,0.906511
61.2138,0.906511
61.2804,0.906511
61.3471,0.906695
61.4137,0.906695
61.4803,0.906695
61.5469,0.906695
61.6135,0.906695
61.6801,0.906464
61.7467,0.906464
61.8133,0.906464
61.8799,0.906464
61.9465,0.906464
62.0131,0.904583
62.0798,0.904583
62.1464,0.904583
62.213,0.904583
62.2796,0.904583
62.3462,0.905264
62.4128,0.905264
62.4794,0.905264
62.546,0.905264
62.6126,0.905264
62.6792,0.905586
62.7458,0.905586
62.8125,0.905586
62.8791,0.905586
62.9457,0.905586
63.0123,0.904912
63.0789,0.904912
63.1455,0.904912
63.2121,0.904912
63.2787,0.904912
63.3453,0.904606
63.4119,0.904606
63.4785,0.904606
63.5452,0.904606
63.6118,0.904606
63.6784,0.905116
63.745,0.905116
63.8116,0.905116
63.8782,0.905116
63.9448,0.905116
64.0114,0.90481
64.078,0.90481
64.1446,0.90481
64.2112,0.90481
64.2779,0.90481
64.3445,0.905229
64.4111,0.905229
64.4777,0.905229
64.5443,0.905229
64.6109,0.905229
64.6775,0.905119
64.7441,0.905119
64.8107,0.905119
64.8773,0.905119
64.944,0.905119
65.0106,0.904336
65.0772,0.904336
65.1438,0.904336
65.2104,0.904336
65.277,0.904336
65.3436,0.90401
65.4102,0.90401
65.4768,0.90401
65.5434,0.90401
65.61,0.90401
65.6767,0.90432
65.7433,0.90432
65.8099,0.90432
65.8765,0.90432
65.9431,0.90432
66.0097,0.905217
66.0763,0.905217
66.1429,0.905217
66.2095,0.905217
66.2761,0.905217
66.3427,0.904974
66.4094,0.904974
66.476,0.904974
66.5426,0.904974
66.6092,0.904974
66.6758,0.905895
66.7424,0.905895
66.809,0.905895
66.8756,0.905895
66.9422,0.905895
67.0088,0.905261
67.0754,0.905261
67.1421,0.905261
67.2087,0.905261
67.2753,0.905261
67.3419,0.903724
67.4085,0.903724
67.4751,0.903724
67.5417,0.903724
67.6083,0.903724
67.6749,0.903289
67.7415,0.903289
67.8081,0.903289
67.8748,0.903289
67.9414,0.903289
68.008,0.903332
68.0746,0.903332
68.1412,0.903332
68.2078,0.903332
68.2744,0.903332
68.341,0.903548
68.4076,0.903548
68.4742,0.903548
68.5408,0.903548
68.6075,0.903548
68.6741,0.903211
68.7407,0.903211
68.8073,0.903211
68.8739,0.903211
68.9405,0.903211
69.0071,0.901863
69.0737,0.901863
69.1403,0.901863
69.2069,0.901863
69.2735,0.901863
69.3402,0.901373
69.4068,0.901373
69.4734,0.901373
69.54,0.901373
69.6066,0.901373
69.6732,0.90162
69.7398,0.90162
69.8064,0.90162
69.873,0.90162
69.9396,0.90162
70.0062,0.902627
70.0729,0.902627
70.1395,0.902627
70.2061,0.902627
70.2727,0.902627
70.3393,0.902478
70.4059,0.902478
70.4725,0.902478
70.5391,0.902478
70.6057,0.902478
70.6723,0.903944
70.7389,0.903944
70.8056,0.903944
70.8722,0.903944
70.9388,0.903944
71.0054,0.903728
71.072,0.903728
71.1386,0.903728
71.2052,0.903728
71.2718,0.903728
71.3384,0.904445
71.405,0.904445
71.4717,0.904445
71.5383,0.904445
71.6049,0.904445
71.6715,0.903666
71.7381,0.903666
71.8047,0.903666
71.8713,0.903666
71.9379,0.903666
72.0045,0.903842
72.0711,0.903842
72.1377,0.903842
72.2044,0.903842
72.271,0.903842
72.3376,0.905519
72.4042,0.905519
72.4708,0.905519
72.5374,0.905519
72.604,0.905519
72.6706,0.90559
72.7372,0.90559
72.8038,0.90559
72.8704,0.90559
72.9371,0.90559
73.0037,0.904924
73.0703,0.904924
73.1369,0.904924
73.2035,0.904924
73.2701,0.904924
73.3367,0.904724
73.4033,0.904724
73.4699,0.904724
73.5365,0.904724
73.6031,0.904724
73.6698,0.904477
73.7364,0.904477
73.803,0.904477
73.8696,0.904477
73.9362,0.904477
74.0028,0.90356
74.0694,0.90356
74.136,0.90356
74.2026,0.90356
74.2692,0.90356
74.3358,0.903293
74.4025,0.903293
74.4691,0.903293
74.5357,0.903293
74.6023,0.903293
74.6689,0.903575
74.7355,0.903575
74.8021,0.903575
74.8687,0.903575
74.9353,0.903575
75.0019,0.902365
75.0685,0.902365
75.1352,0.902365
75.2018,0.902365
75.2684,0.902365
75.335,0.904171
75.4016,0.904171
75.4682,0.904171
75.5348,0.904171
75.6014,0.904171
75.668,0.903803
75.7346,0.903803
75.8012,0.903803
75.8679,0.903803
75.9345,0.903803
76.0011,0.901945
76.0677,0.901945
76.1343,0.901945
76.2009,0.901945
76.2675,0.901945
76.3341,0.900774
76.4007,0.900774
76.4673,0.900774
76.5339,0.900774
76.6006,0.900774
76.6672,0.904202
76.7338,0.904202
76.8004,0.904202
76.867,0.904202
76.9336,0.904202
77.0002,0.902678
77.0668,0.902678
77.1334,0.902678
77.2,0.902678
77.2666,0.902678
77.3333,0.90316
77.3999,0.90316
77.4665,0.90316
77.5331,0.90316
77.5997,0.90316
77.6663,0.904214
77.7329,0.904214
77.7995,0.904214
77.8661,0.904214
77.9327,0.904214
77.9994,0.903975
78.066,0.903975
78.1326,0.903975
78.1992,0.903975
78.2658,0.903975
78.3324,0.904014
78.399,0.904014
78.4656,0.904014
78.5322,0.904014
78.5988,0.904014
78.6654,0.904794
78.7321,0.904794
78.7987,0.904794
78.8653,0.904794
78.9319,0.904794
78.9985,0.904704
79.0651,0.904704
79.1317,0.904704
79.1983,0.904704
79.2649,0.904704
79.3315,0.904653
79.3981,0.904653
79.4648,0.904653
79.5314,0.904653
79.598,0.904653
79.6646,0.90546
79.7312,0.90546
79.7978,0.90546
79.8644,0.90546
79.931,0.90546
79.9976,0.905574
80.0642,0.905574
80.1308,0.905574
80.1975,0.905574
80.2641,0.905574
80.3307,0.904673
80.3973,0.904673
80.4639,0.904673
80.5305,0.904673
80.5971,0.904673
80.6637,0.905919
80.7303,0.905919
80.7969,0.905919
80.8635,0.905919
80.9302,0.905919
80.9968,0.905119
81.0634,0.905119
81.13,0.905119
81.1966,0.905119
81.2632,0.905119
81.3298,0.905409
81.3964,0.905409
81.463,0.905409
81.5296,0.905409
81.5962,0.905409
81.6629,0.905057
81.7295,0.905057
81.7961,0.905057
81.8627,0.905057
81.9293,0.905057
81.9959,0.90492
82.0625,0.90492
82.1291,0.90492
82.1957,0.90492
82.2623,0.90492
82.3289,0.903897
82.3956,0.903897
82.4622,0.903897
82.5288,0.903897
82.5954,0.903897
82.662,0.904089
82.7286,0.904089
82.7952,0.904089
82.8618,0.904089
82.9284,0.904089
82.995,0.90548
83.0616,0.90548
83.1283,0.90548
83.1949,0.90548
83.2615,0.90548
83.3281,0.904551
83.3947,0.904551
83.4613,0.904551
83.5279,0.904551
83.5945,0.904551
83.6611,0.904559
83.7277,0.904559
83.7943,0.904559
83.861,0.904559
83.9276,0.904559
83.9942,0.901346
84.0608,0.901346
84.1274,0.901346
84.194,0.901346
84.2606,0.901346
84.3272,0.901126
84.3938,0.901126
84.4604,0.901126
84.527,0.901126
84.5937,0.901126
84.6603,0.901385
84.7269,0.901385
84.7935,0.901385
84.8601,0.901385
84.9267,0.901385
84.9933,0.902941
85.0599,0.902941
85.1265,0.902941
85.1931,0.902941
85.2598,0.902941
85.3264,0.904402
85.393,0.904402
85.4596,0.904402
85.5262,0.904402
85.5928,0.904402
85.6594,0.904771
85.726,0.904771
85.7926,0.904771
85.8592,0.904771
85.9258,0.904771
85.9925,0.904841
86.0591,0.904841
86.1257,0.904841
86.1923,0.904841
86.2589,0.904841
86.3255,0.904739
86.3921,0.904739
86.4587,0.904739
86.5253,0.904739
86.5919,0.904739
86.6585,0.904253
86.7252,0.904253
86.7918,0.904253
86.8584,0.904253
86.925,0.904253
86.9916,0.904394
87.0582,0.904394
87.1248,0.904394
87.1914,0.904394
87.258,0.904394
87.3246,0.904391
87.3912,0.904391
87.4579,0.904391
87.5245,0.904391
87.5911,0.904391
87.6577,0.904489
87.7243,0.904489
87.7909,0.904489
87.8575,0.904489
87.9241,0.904489
87.9907,0.903215
88.0573,0.903215
88.1239,0.903215
88.1906,0.903215
88.2572,0.903215
88.3238,0.903062
88.3904,0.903062
88.457,0.903062
88.5236,0.903062
88.5902,0.903062
88.6568,0.902831
88.7234,0.902831
88.79,0.902831
88.8566,0.902831
88.9233,0.902831
88.9899,0.901961
89.0565,0.901961
89.1231,0.901961
89.1897,0.901961
89.2563,0.901961
89.3229,0.901259
89.3895,0.901259
89.4561,0.901259
89.5227,0.901259
89.5893,0.901259
89.656,0.900382
89.7226,0.900382
89.7892,0.900382
89.8558,0.900382
89.9224,0.900382
89.989,0.900017
90.0556,0.900017
90.1222,0.900017
90.1888,0.900017
90.2554,0.900017
90.322,0.899876
90.3887,0.899876
90.4553,0.899876
90.5219,0.899876
90.5885,0.899876
90.6551,0.900413
90.7217,0.900413
90.7883,0.900413
90.8549,0.900413
90.9215,0.900413
90.9881,0.900981
91.0547,0.900981
91.1214,0.900981
91.188,0.900981
91.2546,0.900981
91.3212,0.901828
91.3878,0.901828
91.4544,0.901828
91.521,0.901828
91.5876,0.901828
91.6542,0.900119
91.7208,0.900119
91.7875,0.900119
91.8541,0.900119
91.9207,0.900119
91.9873,0.900809
92.0539,0.900809
92.1205,0.900809
92.1871,0.900809
92.2537,0.900809
92.3203,0.899382
92.3869,0.899382
92.4535,0.899382
92.5202,0.899382
92.5868,0.899382
92.6534,0.899821
92.72,0.899821
92.7866,0.899821
92.8532,0.899821
92.9198,0.899821
92.9864,0.899892
93.053,0.899892
93.1196,0.899892
93.1862,0.899892
93.2529,0.899892
93.3195,0.902231
93.3861,0.902231
93.4527,0.902231
93.5193,0.902231
93.5859,0.902231
93.6525,0.902764
93.7191,0.902764
93.7857,0.902764
93.8523,0.902764
93.9189,0.902764
93.9856,0.904994
94.0522,0.904994
94.1188,0.904994
94.1854,0.904994
94.252,0.904994
94.3186,0.905601
94.3852,0.905601
94.4518,0.905601
94.5184,0.905601
94.585,0.905601
94.6516,0.906244
94.7183,0.906244
94.7849,0.906244
94.8515,0.906244
94.9181,0.906244
94.9847,0.906162
95.0513,0.906162
95.1179,0.906162
95.1845,0.906162
95.2511,0.906162
95.3177,0.906228
95.3843,0.906228
95.451,0.906228
95.5176,0.906228
95.5842,0.906228
95.6508,0.907608
95.7174,0.907608
95.784,0.907608
95.8506,0.907608
95.9172,0.907608
95.9838,0.905366
96.0504,0.905366
96.117,0.905366
96.1837,0.905366
96.2503,0.905366
96.3169,0.903156
96.3835,0.903156
96.4501,0.903156
96.5167,0.903156
96.5833,0.903156
96.6499,0.905096
96.7165,0.905096
96.7831,0.905096
96.8497,0.905096
96.9164,0.905096
96.983,0.909943
97.0496,0.909943
97.1162,0.909943
97.1828,0.909943
97.2494,0.909943
97.316,0.914924
97.3826,0.914924
97.4492,0.914924
97.5158,0.914924
97.5824,0.914924
97.6491,0.920908
97.7157,0.920908
97.7823,0.920908
97.8489,0.920908
97.9155,0.920908
97.9821,0.918118
98.0487,0.918118
98.1153,0.918118
98.1819,0.918118
98.2485,0.918118
98.3152,0.909955
98.3818,0.909955
98.4484,0.909955
98.515,0.909955
98.5816,0.909955
98.6482,0.907486
98.7148,0.907486
98.7814,0.907486
98.848,0.907486
98.9146,0.907486
98.9812,0.909218
99.0479,0.909218
99.1145,0.909218
99.1811,0.909218
99.2477,0.909218
99.3143,0.914321
99.3809,0.914321
99.4475,0.914321
99.5141,0.914321
99.5807,0.914321
99.6473,0.916343
99.7139,0.916343
99.7806,0.916343
99.8472,0.916343
99.9138,0.916343
99.9804,0.910661
100.047,0.910661
100.114,0.910661
100.18,0.910661
100.247,0.910661
100.313,0.910998
100.38,0.910998
100.447,0.910998
100.513,0.910998
100.58,0.910998
100.646,0.915582
100.713,0.915582
100.78,0.915582
100.846,0.915582
100.913,0.915582
100.98,0.914133
101.046,0.914133
101.113,0.914133
101.179,0.914133
101.246,0.914133
101.313,0.917773
101.379,0.917773
101.446,0.917773
101.512,0.917773
101.579,0.917773
101.646,0.918149
101.712,0.918149
101.779,0.918149
101.845,0.918149
101.912,0.918149
101.979,0.914532
102.045,0.914532
102.112,0.914532
102.178,0.914532
102.245,0.914532
102.312,0.911675
102.378,0.911675
102.445,0.911675
102.512,0.911675
102.578,0.911675
102.645,0.911154
102.711,0.911154
102.778,0.911154
102.845,0.911154
102.911,0.911154
102.978,0.907902
103.044,0.907902
103.111,0.907902
103.178,0.907902
103.244,0.907902
103.311,0.90077
103.377,0.90077
103.444,0.90077
103.511,0.90077
103.577,0.90077
103.644,0.882618
103.71,0.882618
103.777,0.882618
103.844,0.882618
103.91,0.882618
103.977,0.893144
104.044,0.893144
104.11,0.893144
104.177,0.893144
104.243,0.893144
104.31,0.900147
104.377,0.900147
104.443,0.900147
104.51,0.900147
104.576,0.900147
104.643,0.900915
104.71,0.900915
104.776,0.900915
104.843,0.900915
104.909,0.900915
104.976,0.911382
105.043,0.911382
105.109,0.911382
105.176,0.911382
105.243,0.911382
105.309,0.914117
105.376,0.914117
105.442,0.914117
105.509,0.914117
105.576,0.914117
105.642,0.909379
105.709,0.909379
105.775,0.909379
105.842,0.909379
105.909,0.909379
105.975,0.9024
106.042,0.9024
106.108,0.9024
106.175,0.9024
106.242,0.9024
106.308,0.886842
106.375,0.886842
106.441,0.886842
106.508,0.886842
106.575,0.886842
106.641,0.877747
106.708,0.877747
106.775,0.877747
106.841,0.877747
106.908,0.877747
106.974,0.884769
107.041,0.884769
107.108,0.884769
107.174,0.884769
107.241,0.884769
107.307,0.901651
107.374,0.901651
107.441,0.901651
107.507,0.901651
107.574,0.901651
107.64,0.910418
107.707,0.910418
107.774,0.910418
107.84,0.910418
107.907,0.910418
107.973,0.918416
108.04,0.918416
108.107,0.918416
108.173,0.918416
108.24,0.918416
108.307,0.923784
108.373,0.923784
108.44,0.923784
108.506,0.923784
108.573,0.923784
108.64,0.923189
108.706,0.923189
108.773,0.923189
108.839,0.923189
108.906,0.923189
108.973,0.926461
109.039,0.926461
109.106,0.926461
109.172,0.926461
109.239,0.926461
109.306,0.931018
109.372,0.931018
109.439,0.931018
109.505,0.931018
109.572,0.931018
109.639,0.934479
109.705,0.934479
109.772,0.934479
109.839,0.934479
109.905,0.934479
109.972,0.936426
110.038,0.936426
110.105,0.936426
110.172,0.936426
110.238,0.936426
110.305,0.928965
110.371,0.928965
110.438,0.928965
110.505,0.928965
110.571,0.928965
110.638,0.931834
110.704,0.931834
110.771,0.931834
110.838,0.931834
110.904,0.931834
110.971,0.93286
111.038,0.93286
111.104,0.93286
111.171,0.93286
111.237,0.93286
111.304,0.932022
111.371,0.932022
111.437,0.932022
111.504,0.932022
111.57,0.932022
111.637,0.927774
111.704,0.927774
111.77,0.927774
111.837,0.927774
111.903,0.927774
111.97,0.915481
112.037,0.915481
112.103,0.915481
112.17,0.915481
112.236,0.915481
112.303,0.906095
112.37,0.906095
112.436,0.906095
112.503,0.906095
112.57,0.906095
112.636,0.904473
112.703,0.904473
112.769,0.904473
112.836,0.904473
112.903,0.904473
112.969,0.901949
113.036,0.901949
113.102,0.901949
113.169,0.901949
113.236,0.901949
113.302,0.898379
113.369,0.898379
113.435,0.898379
113.502,0.898379
113.569,0.898379
113.635,0.898403
113.702,0.898403
113.768,0.898403
113.835,0.898403
113.902,0.898403
113.968,0.880921
114.035,0.880921
114.102,0.880921
114.168,0.880921
114.235,0.880921
114.301,0.858577
114.368,0.858577
114.435,0.858577
114.501,0.858577
114.568,0.858577
114.634,0.851848
114.701,0.851848
114.768,0.851848
114.834,0.851848
114.901,0.851848
114.967,0.846507
115.034,0.846507
115.101,0.846507
115.167,0.846507
115.234,0.846507
115.3,0.83412
115.367,0.83412
115.434,0.83412
115.5,0.83412
115.567,0.83412
115.634,0.765001
115.7,0.765001
115.767,0.765001
115.833,0.765001
115.9,0.765001
115.967,0.704864
116.033,0.704864
116.1,0.704864
116.166,0.704864
116.233,0.704864
116.3,0.657255
116.366,0.657255
116.433,0.657255
116.499,0.657255
116.566,0.657255
116.633,0.587545
116.699,0.587545
116.766,0.587545
116.833,0.587545
116.899,0.587545
116.966,0.551512
117.032,0.551512
117.099,0.551512
117.166,0.551512
117.232,0.551512
117.299,0.540061
117.365,0.540061
117.432,0.540061
117.499,0.540061
117.565,0.540061
117.632,0.537259
117.698,0.537259
117.765,0.537259
117.832,0.537259
117.898,0.537259
117.965,0.553749
118.031,0.553749
118.098,0.553749
118.165,0.553749
118.231,0.553749
118.298,0.563915
118.365,0.563915
118.431,0.563915
118.498,0.563915
118.564,0.563915
118.631,0.536448
118.698,0.536448
118.764,0.536448
118.831,0.536448
118.897,0.536448
118.964,0.497535
119.031,0.497535
119.097,0.497535
119.164,0.497535
119.23,0.497535
119.297,0.474042
119.364,0.474042
119.43,0.474042
119.497,0.474042
119.563,0.474042
119.63,0.466561
119.697,0.466561
119.763,0.466561
119.83,0.466561
119.897,0.466561
119.963,0.482726
120.03,0.482726
120.096,0.482726
120.163,0.482726
120.23,0.482726
120.296,0.479493
120.363,0.479493
120.429,0.479493
120.496,0.479493
120.563,0.479493
120.629,0.472483
120.696,0.472483
120.762,0.472483
120.829,0.472483
120.896,0.472483
120.962,0.449197
121.029,0.449197
121.095,0.449197
121.162,0.449197
121.229,0.449197
121.295,0.432696
121.362,0.432696
121.429,0.432696
121.495,0.432696
121.562,0.432696
121.628,0.423635
121.695,0.423635
121.762,0.423635
121.828,0.423635
121.895,0.423635
121.961,0.39823
122.028,0.39823
122.095,0.39823
122.161,0.39823
122.228,0.39823
122.294,0.399218
122.361,0.399218
122.428,0.399218
122.494,0.399218
122.561,0.399218
122.628,0.395899
122.694,0.395899
122.761,0.395899
122.827,0.395899
122.894,0.395899
122.961,0.371148
123.027,0.371148
123.094,0.371148
123.16,0.371148
123.227,0.371148
123.294,0.34307
123.36,0.34307
123.427,0.34307
123.493,0.34307
123.56,0.34307
123.627,0.310208
123.693,0.310208
123.76,0.310208
123.826,0.310208
123.893,0.310208
123.96,0.285856
124.026,0.285856
124.093,0.285856
124.16,0.285856
124.226,0.285856
124.293,0.26707
124.359,0.26707
124.426,0.26707
124.493,0.26707
124.559,0.26707
124.626,0.298667
124.692,0.298667
124.759,0.298667
124.826,0.298667
124.892,0.298667
124.959,0.316705
125.025,0.316705
125.092,0.316705
125.159,0.316705
125.225,0.316705
125.292,0.335601
125.358,0.335601
125.425,0.335601
125.492,0.335601
125.558,0.335601
125.625,0.346037
125.692,0.346037
125.758,0.346037
125.825,0.346037
125.891,0.346037
125.958,0.375698
126.025,0.375698
126.091,0.375698
126.158,0.375698
126.224,0.375698
126.291,0.396961
126.358,0.396961
126.424,0.396961
126.491,0.396961
126.557,0.396961
126.624,0.465887
126.691,0.465887
126.757,0.465887
126.824,0.465887
126.89,0.465887
126.957,0.556167
127.024,0.556167
127.09,0.556167
127.157,0.556167
127.224,0.556167
127.29,0.567277
127.357,0.567277
127.423,0.567277
127.49,0.567277
127.557,0.567277
127.623,0.528583
127.69,0.528583
127.756,0.528583
127.823,0.528583
127.89,0.528583
127.956,0.493224
128.023,0.493224
128.089,0.493224
128.156,0.493224
128.223,0.493224
128.289,0.438656
128.356,0.438656
128.422,0.438656
128.489,0.438656
128.556,0.438656
128.622,0.413988
128.689,0.413988
128.756,0.413988
128.822,0.413988
128.889,0.413988
128.955,0.382524
129.022,0.382524
129.089,0.382524
129.155,0.382524
129.222,0.382524
129.288,0.360211
129.355,0.360211
129.422,0.360211
129.488,0.360211
129.555,0.360211
129.621,0.332889
129.688,0.332889
129.755,0.332889
129.821,0.332889
129.888,0.332889
129.955,0.296876
130.021,0.296876
130.088,0.296876
130.154,0.296876
130.221,0.296876
130.288,0.259268
130.354,0.259268
130.421,0.259268
130.487,0.259268
130.554,0.259268
130.621,0.214002
130.687,0.214002
130.754,0.214002
130.82,0.214002
130.887,0.214002
130.954,0.180348
131.02,0.180348
131.087,0.180348
131.153,0.180348
131.22,0.180348
131.287,0.137916
131.353,0.137916
131.42,0.137916
131.487,0.137916
131.553,0.137916
131.62,0.105583
131.686,0.105583
131.753,0.105583
131.82,0.105583
131.886,0.105583
131.953,0.0990423
132.019,0.0990423
132.086,0.0990423
132.153,0.0990423
132.219,0.0990423
132.286,0.100966
132.352,0.100966
132.419,0.100966
132.486,0.100966
132.552,0.100966
132.619,0.100876
132.685,0.100876
132.752,0.100876
132.819,0.100876
132.885,0.100876
132.952,0.101546
133.019,0.101546
133.085,0.101546
133.152,0.101546
133.218,0.101546
133.285,0.120443
133.352,0.120443
133.418,0.120443
133.485,0.120443
133.551,0.120443
133.618,0.182868
133.685,0.182868
133.751,0.182868
133.818,0.182868
133.884,0.182868
133.951,0.261419
134.018,0.261419
134.084,0.261419
134.151,0.261419
134.217,0.261419
134.284,0.347933
134.351,0.347933
134.417,0.347933
134.484,0.347933
134.551,0.347933
134.617,0.412279
134.684,0.412279
134.75,0.412279
134.817,0.412279
134.884,0.412279
134.95,0.464351
135.017,0.464351
135.083,0.464351
135.15,0.464351
135.217,0.464351
135.283,0.509679
135.35,0.509679
135.416,0.509679
135.483,0.509679
135.55,0.509679
135.616,0.494302
135.683,0.494302
135.75,0.494302
135.816,0.494302
135.883,0.494302
135.949,0.419446
136.016,0.419446
136.083,0.419446
136.149,0.419446
136.216,0.419446
136.282,0.366003
136.349,0.366003
136.416,0.366003
136.482,0.366003
136.549,0.366003
136.615,0.310552
136.682,0.310552
136.749,0.310552
136.815,0.310552
136.882,0.310552
136.948,0.285171
137.015,0.285171
137.082,0.285171
137.148,0.285171
137.215,0.285171
137.282,0.247006
137.348,0.247006
137.415,0.247006
137.481,0.247006
137.548,0.247006
137.615,0.212905
137.681,0.212905
137.748,0.212905
137.814,0.212905
137.881,0.212905
137.948,0.187657
138.014,0.187657
138.081,0.187657
138.147,0.187657
138.214,0.187657
138.281,0.139872
138.347,0.139872
138.414,0.139872
138.48,0.139872
138.547,0.139872
138.614,0.10706
138.68,0.10706
138.747,0.10706
138.814,0.10706
138.88,0.10706
138.947,0.104058
139.013,0.104058
139.08,0.104058
139.147,0.104058
139.213,0.104058
139.28,0.105383
139.346,0.105383
139.413,0.105383
139.48,0.105383
139.546,0.105383
139.613,0.106319
139.679,0.106319
139.746,0.106319
139.813,0.106319
139.879,0.106319
139.946,0.122241
140.012,0.122241
140.079,0.122241
140.146,0.122241
140.212,0.122241
140.279,0.158211
140.346,0.158211
140.412,0.158211
140.479,0.158211
140.545,0.158211
140.612,0.201502
140.679,0.201502
140.745,0.201502
140.812,0.201502
140.878,0.201502
140.945,0.247449
141.012,0.247449
141.078,0.247449
141.145,0.247449
141.211,0.247449
141.278,0.317841
141.345,0.317841
141.411,0.317841
141.478,0.317841
141.545,0.317841
141.611,0.446866
141.678,0.446866
141.744,0.446866
141.811,0.446866
141.878,0.446866
141.944,0.610117
142.011,0.610117
142.077,0.610117
142.144,0.610117
142.211,0.610117
142.277,0.679177
142.344,0.679177
142.41,0.679177
142.477,0.679177
142.544,0.679177
142.61,0.653654
142.677,0.653654
142.743,0.653654
142.81,0.653654
142.877,0.653654
142.943,0.620713
143.01,0.620713
143.077,0.620713
143.143,0.620713
143.21,0.620713
143.276,0.521514
143.343,0.521514
143.41,0.521514
143.476,0.521514
143.543,0.521514
143.609,0.364788
143.676,0.364788
143.743,0.364788
143.809,0.364788
143.876,0.364788
143.942,0.352969
144.009,0.352969
144.076,0.352969
144.142,0.352969
144.209,0.352969
144.275,0.344257
144.342,0.344257
144.409,0.344257
144.475,0.344257
144.542,0.344257
144.609,0.332121
144.675,0.332121
144.742,0.332121
144.808,0.332121
144.875,0.332121
144.942,0.303973
145.008,0.303973
145.075,0.303973
145.141,0.303973
145.208,0.303973
145.275,0.282267
145.341,0.282267
145.408,0.282267
145.474,0.282267
145.541,0.282267
145.608,0.252837
145.674,0.252837
145.741,0.252837
145.807,0.252837
145.874,0.252837
145.941,0.204296
146.007,0.204296
146.074,0.204296
146.141,0.204296
146.207,0.204296
146.274,0.15046
146.34,0.15046
146.407,0.15046
146.474,0.15046
146.54,0.15046
146.607,0.11842
146.673,0.11842
146.74,0.11842
146.807,0.11842
146.873,0.11842
146.94,0.0964089
147.006,0.0964089
147.073,0.0964089
147.14,0.0964089
147.206,0.0964089
147.273,0.0941595
147.34,0.0941595
147.406,0.0941595
147.473,0.0941595
147.539,0.0941595
147.606,0.0989874
147.673,0.0989874
147.739,0.0989874
147.806,0.0989874
147.872,0.0989874
147.939,0.0984584
148.006,0.0984584
148.072,0.0984584
148.139,0.0984584
148.205,0.0984584
148.272,0.100045
148.339,0.100045
148.405,0.100045
148.472,0.100045
148.538,0.100045
148.605,0.104975
148.672,0.104975
148.738,0.104975
148.805,0.104975
148.872,0.104975
148.938,0.107009
149.005,0.107009
149.071,0.107009
149.138,0.107009
149.205,0.107009
149.271,0.10717
149.338,0.10717
149.404,0.10717
149.471,0.10717
149.538,0.10717
149.604,0.108294
149.671,0.108294
149.737,0.108294
149.804,0.108294
149.871,0.108294
149.937,0.109537
150.004,0.109537
150.07,0.109537
150.137,0.109537
150.204,0.109537
150.27,0.110418
150.337,0.110418
150.404,0.110418
150.47,0.110418
150.537,0.110418
150.603,0.112871
150.67,0.112871
150.737,0.112871
150.803,0.112871
150.87,0.112871
150.936,0.120153
151.003,0.120153
151.07,0.120153
151.136,0.120153
151.203,0.120153
151.269,0.157161
151.336,0.157161
151.403,0.157161
151.469,0.157161
151.536,0.157161
151.602,0.181195
151.669,0.181195
151.736,0.181195
151.802,0.181195
151.869,0.181195
151.936,0.192018
152.002,0.192018
152.069,0.192018
152.135,0.192018
152.202,0.192018
152.269,0.199754
152.335,0.199754
152.402,0.199754
152.468,0.199754
152.535,0.199754
152.602,0.205628
152.668,0.205628
152.735,0.205628
152.801,0.205628
152.868,0.205628
152.935,0.195561
153.001,0.195561
153.068,0.195561
153.135,0.195561
153.201,0.195561
153.268,0.18567
153.334,0.18567
153.401,0.18567
153.468,0.18567
153.534,0.18567
153.601,0.181528
153.667,0.181528
153.734,0.181528
153.801,0.181528
153.867,0.181528
153.934,0.187351
154,0.187351
154.067,0.187351
154.134,0.187351
154.2,0.187351
154.267,0.180497
154.333,0.180497
154.4,0.180497
154.467,0.180497
154.533,0.180497
154.6,0.160433
154.667,0.160433
154.733,0.160433
154.8,0.160433
154.866,0.160433
154.933,0.156656
155,0.156656
155.066,0.156656
155.133,0.156656
155.199,0.156656
155.266,0.138923
155.333,0.138923
155.399,0.138923
155.466,0.138923
155.532,0.138923
155.599,0.113839
155.666,0.113839
155.732,0.113839
155.799,0.113839
155.865,0.113839
155.932,0.119561
155.999,0.119561
156.065,0.119561
156.132,0.119561
156.199,0.119561
156.265,0.123617
156.332,0.123617
156.398,0.123617
156.465,0.123617
156.532,0.123617
156.598,0.121532
156.665,0.121532
156.731,0.121532
156.798,0.121532
156.865,0.121532
156.931,0.1169
156.998,0.1169
157.064,0.1169
157.131,0.1169
157.198,0.1169
157.264,0.115803
157.331,0.115803
157.397,0.115803
157.464,0.115803
157.531,0.115803
157.597,0.11641
157.664,0.11641
157.731,0.11641
157.797,0.11641
157.864,0.11641
157.93,0.117249
157.997,0.117249
158.064,0.117249
158.13,0.117249
158.197,0.117249
158.263,0.121885
158.33,0.121885
158.397,0.121885
158.463,0.121885
158.53,0.121885
158.596,0.117821
158.663,0.117821
158.73,0.117821
158.796,0.117821
158.863,0.117821
158.93,0.14341
158.996,0.14341
159.063,0.14341
159.129,0.14341
159.196,0.14341
159.263,0.166217
159.329,0.166217
159.396,0.166217
159.462,0.166217
159.529,0.166217
159.596,0.177057
159.662,0.177057
159.729,0.177057
159.795,0.177057
159.862,0.177057
159.929,0.168224
159.995,0.168224
160.062,0.168224
160.128,0.168224
160.195,0.168224
160.262,0.165939
160.328,0.165939
160.395,0.165939
160.462,0.165939
160.528,0.165939
160.595,0.192649
160.661,0.192649
160.728,0.192649
160.795,0.192649
160.861,0.192649
160.928,0.173882
160.994,0.173882
161.061,0.173882
161.128,0.173882
161.194,0.173882
161.261,0.127555
161.327,0.127555
161.394,0.127555
161.461,0.127555
161.527,0.127555
161.594,0.0928506
161.66,0.0928506
161.727,0.0928506
161.794,0.0928506
161.86,0.0928506
161.927,0.103271
161.994,0.103271
162.06,0.103271
162.127,0.103271
162.193,0.103271
162.26,0.134879
162.327,0.134879
162.393,0.134879
162.46,0.134879
162.526,0.134879
162.593,0.146149
162.66,0.146149
162.726,0.146149
162.793,0.146149
162.859,0.146149
162.926,0.144045
162.993,0.144045
163.059,0.144045
163.126,0.144045
163.192,0.144045
163.259,0.118746
163.326,0.118746
163.392,0.118746
163.459,0.118746
163.526,0.118746
163.592,0.128738
163.659,0.128738
163.725,0.128738
163.792,0.128738
163.859,0.128738
163.925,0.169576
163.992,0.169576
164.058,0.169576
164.125,0.169576
164.192,0.169576
164.258,0.152968
164.325,0.152968
164.391,0.152968
164.458,0.152968
164.525,0.152968
164.591,0.126897
164.658,0.126897
164.725,0.126897
164.791,0.126897
164.858,0.126897
164.924,0.110775
164.991,0.110775
165.058,0.110775
165.124,0.110775
165.191,0.110775
165.257,0.114145
165.324,0.114145
165.391,0.114145
165.457,0.114145
165.524,0.114145
165.59,0.11987
165.657,0.11987
165.724,0.11987
165.79,0.11987
165.857,0.11987
165.923,0.122539
165.99,0.122539
166.057,0.122539
166.123,0.122539
166.19,0.122539
166.257,0.124494
166.323,0.124494
166.39,0.124494
166.456,0.124494
166.523,0.124494
166.59,0.12721
166.656,0.12721
166.723,0.12721
166.789,0.12721
166.856,0.12721
166.923,0.125129
166.989,0.125129
167.056,0.125129
167.122,0.125129
167.189,0.125129
167.256,0.140769
167.322,0.140769
167.389,0.140769
167.455,0.140769
167.522,0.140769
167.589,0.153266
167.655,0.153266
167.722,0.153266
167.789,0.153266
167.855,0.153266
167.922,0.164642
167.988,0.164642
168.055,0.164642
168.122,0.164642
168.188,0.164642
168.255,0.17398
168.321,0.17398
168.388,0.17398
168.455,0.17398
168.521,0.17398
168.588,0.168087
168.654,0.168087
168.721,0.168087
168.788,0.168087
168.854,0.168087
168.921,0.158748
168.987,0.158748
169.054,0.158748
169.121,0.158748
169.187,0.158748
169.254,0.179157
169.321,0.179157
169.387,0.179157
169.454,0.179157
169.52,0.179157
169.587,0.206522
169.654,0.206522
169.72,0.206522
169.787,0.206522
169.853,0.206522
169.92,0.189009
169.987,0.189009
170.053,0.189009
170.12,0.189009
170.186,0.189009
170.253,0.151467
170.32,0.151467
170.386,0.151467
170.453,0.151467
170.52,0.151467
170.586,0.116724
170.653,0.116724
170.719,0.116724
170.786,0.116724
170.853,0.116724
170.919,0.107456
170.986,0.107456
171.052,0.107456
171.119,0.107456
171.186,0.107456
171.252,0.106719
171.319,0.106719
171.385,0.106719
171.452,0.106719
171.519,0.106719
171.585,0.106417
171.652,0.106417
171.718,0.106417
171.785,0.106417
171.852,0.106417
171.918,0.106225
171.985,0.106225
172.052,0.106225
172.118,0.106225
172.185,0.106225
172.251,0.104599
172.318,0.104599
172.385,0.104599
172.451,0.104599
172.518,0.104599
172.584,0.104818
172.651,0.104818
172.718,0.104818
172.784,0.104818
172.851,0.104818
172.917,0.105152
172.984,0.105152
173.051,0.105152
173.117,0.105152
173.184,0.105152
173.25,0.105434
173.317,0.105434
173.384,0.105434
173.45,0.105434
173.517,0.105434
173.584,0.105677
173.65,0.105677
173.717,0.105677
173.783,0.105677
173.85,0.105677
173.917,0.106359
173.983,0.106359
174.05,0.106359
174.116,0.106359
174.183,0.106359
174.25,0.106398
174.316,0.106398
174.383,0.106398
174.449,0.106398
174.516,0.106398
174.583,0.106688
174.649,0.106688
174.716,0.106688
174.782,0.106688
174.849,0.106688
174.916,0.119412
174.982,0.119412
175.049,0.119412
175.116,0.119412
175.182,0.119412
175.249,0.141177
175.315,0.141177
175.382,0.141177
175.449,0.141177
175.515,0.141177
175.582,0.151169
175.648,0.151169
175.715,0.151169
175.782,0.151169
175.848,0.151169
175.915,0.189091
175.981,0.189091
176.048,0.189091
176.115,0.189091
176.181,0.189091
176.248,0.228901
176.315,0.228901
176.381,0.228901
176.448,0.228901
176.514,0.228901
176.581,0.231895
176.648,0.231895
176.714,0.231895
176.781,0.231895
176.847,0.231895
176.914,0.232076
176.981,0.232076
177.047,0.232076
177.114,0.232076
177.18,0.232076
177.247,0.29068
177.314,0.29068
177.38,0.29068
177.447,0.29068
177.513,0.29068
177.58,0.289646
177.647,0.289646
177.713,0.289646
177.78,0.289646
177.847,0.289646
177.913,0.276487
177.98,0.276487
178.046,0.276487
178.113,0.276487
178.18,0.276487
178.246,0.247437
178.313,0.247437
178.379,0.247437
178.446,0.247437
178.513,0.247437
178.579,0.240391
178.646,0.240391
178.712,0.240391
178.779,0.240391
178.846,0.240391
178.912,0.23025
178.979,0.23025
179.045,0.23025
179.112,0.23025
179.179,0.23025
179.245,0.234572
179.312,0.234572
179.379,0.234572
179.445,0.234572
179.512,0.234572
179.578,0.21481
179.645,0.21481
179.712,0.21481
179.778,0.21481
179.845,0.21481
179.911,0.191865
179.978,0.191865
180.045,0.191865
180.111,0.191865
180.178,0.191865
180.244,0.168945
180.311,0.168945
180.378,0.168945
180.444,0.168945
180.511,0.168945
180.577,0.162718
180.644,0.162718
180.711,0.162718
180.777,0.162718
180.844,0.162718
180.911,0.164125
180.977,0.164125
181.044,0.164125
181.11,0.164125
181.177,0.164125
181.244,0.163039
181.31,0.163039
181.377,0.163039
181.443,0.163039
181.51,0.163039
181.577,0.167479
181.643,0.167479
181.71,0.167479
181.776,0.167479
181.843,0.167479
181.91,0.185529
181.976,0.185529
182.043,0.185529
182.109,0.185529
182.176,0.185529
182.243,0.204837
182.309,0.204837
182.376,0.204837
182.443,0.204837
182.509,0.204837
182.576,0.208794
182.642,0.208794
182.709,0.208794
182.776,0.208794
182.842,0.208794
182.909,0.213814
182.975,0.213814
183.042,0.213814
183.109,0.213814
183.175,0.213814
183.242,0.226053
183.308,0.226053
183.375,0.226053
183.442,0.226053
183.508,0.226053
183.575,0.232801
183.642,0.232801
183.708,0.232801
183.775,0.232801
183.841,0.232801
183.908,0.233435
183.975,0.233435
184.041,0.233435
184.108,0.233435
184.174,0.233435
184.241,0.231872
184.308,0.231872
184.374,0.231872
184.441,0.231872
184.507,0.231872
184.574,0.229231
184.641,0.229231
184.707,0.229231
184.774,0.229231
184.84,0.229231
184.907,0.225057
184.974,0.225057
185.04,0.225057
185.107,0.225057
185.174,0.225057
185.24,0.225747
185.307,0.225747
185.373,0.225747
185.44,0.225747
185.507,0.225747
185.573,0.215382
185.64,0.215382
185.706,0.215382
185.773,0.215382
185.84,0.215382
185.906,0.210609
185.973,0.210609
186.039,0.210609
186.106,0.210609
186.173,0.210609
186.239,0.206937
186.306,0.206937
186.372,0.206937
186.439,0.206937
186.506,0.206937
186.572,0.199993
186.639,0.199993
186.706,0.199993
186.772,0.199993
186.839,0.199993
186.905,0.195177
186.972,0.195177
187.039,0.195177
187.105,0.195177
187.172,0.195177
187.238,0.192461
187.305,0.192461
187.372,0.192461
187.438,0.192461
187.505,0.192461
187.571,0.193829
187.638,0.193829
187.705,0.193829
187.771,0.193829
187.838,0.193829
187.904,0.195573
187.971,0.195573
188.038,0.195573
188.104,0.195573
188.171,0.195573
188.238,0.195569
188.304,0.195569
188.371,0.195569
188.437,0.195569
188.504,0.195569
188.571,0.194922
188.637,0.194922
188.704,0.194922
188.77,0.194922
188.837,0.194922
188.904,0.201055
188.97,0.201055
189.037,0.201055
189.103,0.201055
189.17,0.201055
189.237,0.199938
189.303,0.199938
189.37,0.199938
189.437,0.199938
189.503,0.199938
189.57,0.197983
189.636,0.197983
189.703,0.197983
189.77,0.197983
189.836,0.197983
189.903,0.2035
189.969,0.2035
190.036,0.2035
190.103,0.2035
190.169,0.2035
190.236,0.205946
190.302,0.205946
190.369,0.205946
190.436,0.205946
190.502,0.205946
190.569,0.197399
190.635,0.197399
190.702,0.197399
190.769,0.197399
190.835,0.197399
190.902,0.200926
190.969,0.200926
191.035,0.200926
191.102,0.200926
191.168,0.200926
191.235,0.203269
191.302,0.203269
191.368,0.203269
191.435,0.203269
191.501,0.203269
191.568,0.201588
191.635,0.201588
191.701,0.201588
191.768,0.201588
191.834,0.201588
191.901,0.206326
191.968,0.206326
192.034,0.206326
192.101,0.206326
192.167,0.206326
192.234,0.211126
192.301,0.211126
192.367,0.211126
192.434,0.211126
192.501,0.211126
192.567,0.212682
192.634,0.212682
192.7,0.212682
192.767,0.212682
192.834,0.212682
192.9,0.209751
192.967,0.209751
193.033,0.209751
193.1,0.209751
193.167,0.209751
193.233,0.212694
193.3,0.212694
193.366,0.212694
193.433,0.212694
193.5,0.212694
193.566,0.212043
193.633,0.212043
193.699,0.212043
193.766,0.212043
193.833,0.212043
193.899,0.210805
193.966,0.210805
194.033,0.210805
194.099,0.210805
194.166,0.210805
194.232,0.210025
194.299,0.210025
194.366,0.210025
194.432,0.210025
194.499,0.210025
194.565,0.208022
194.632,0.208022
194.699,0.208022
194.765,0.208022
194.832,0.208022
194.898,0.207619
194.965,0.207619
195.032,0.207619
195.098,0.207619
195.165,0.207619
195.232,0.2095
195.298,0.2095
195.365,0.2095
195.431,0.2095
195.498,0.2095
195.565,0.214853
195.631,0.214853
195.698,0.214853
195.764,0.214853
195.831,0.214853
195.898,0.221146
195.964,0.221146
196.031,0.221146
196.097,0.221146
196.164,0.221146
196.231,0.236026
196.297,0.236026
196.364,0.236026
196.43,0.236026
196.497,0.236026
196.564,0.249585
196.63,0.249585
196.697,0.249585
196.764,0.249585
196.83,0.249585
196.897,0.269347
196.963,0.269347
197.03,0.269347
197.097,0.269347
197.163,0.269347
197.23,0.306536
197.296,0.306536
197.363,0.306536
197.43,0.306536
197.496,0.306536
197.563,0.331576
197.629,0.331576
197.696,0.331576
197.763,0.331576
197.829,0.331576
197.896,0.364368
197.962,0.364368
198.029,0.364368
198.096,0.364368
198.162,0.364368
198.229,0.40934
198.296,0.40934
198.362,0.40934
198.429,0.40934
198.495,0.40934
198.562,0.440094
198.629,0.440094
198.695,0.440094
198.762,0.440094
198.828,0.440094
198.895,0.547918
198.962,0.547918
199.028,0.547918
199.095,0.547918
199.161,0.547918
199.228,0.642783
199.295,0.642783
199.361,0.642783
199.428,0.642783
199.494,0.642783
199.561,0.722122
199.628,0.722122
199.694,0.722122
199.761,0.722122
199.828,0.722122
199.894,0.84059
199.961,0.84059
200.027,0.84059
200.094,0.84059
200.161,0.84059
200.227,0.878786
200.294,0.878786
200.36,0.878786
200.427,0.878786
200.494,0.878786
200.56,0.914517
200.627,0.914517
200.693,0.914517
200.76,0.914517
200.827,0.914517
200.893,0.913725
200.96,0.913725
201.027,0.913725
201.093,0.913725
201.16,0.913725
201.226,0.914368
201.293,0.914368
201.36,0.914368
201.426,0.914368
201.493,0.914368
201.559,0.915865
201.626,0.915865
201.693,0.915865
201.759,0.915865
201.826,0.915865
201.892,0.916433
201.959,0.916433
202.026,0.916433
202.092,0.916433
202.159,0.916433
202.225,0.925031
202.292,0.925031
202.359,0.925031
202.425,0.925031
202.492,0.925031
202.559,0.924368
202.625,0.924368
202.692,0.924368
202.758,0.924368
202.825,0.924368
202.892,0.918988
202.958,0.918988
203.025,0.918988
203.091,0.918988
203.158,0.918988
203.225,0.914293
203.291,0.914293
203.358,0.914293
203.424,0.914293
203.491,0.914293
203.558,0.912788
203.624,0.912788
203.691,0.912788
203.757,0.912788
203.824,0.912788
203.891,0.911378
203.957,0.911378
204.024,0.911378
204.091,0.911378
204.157,0.911378
204.224,0.90954
204.29,0.90954
204.357,0.90954
204.424,0.90954
204.49,0.90954
204.557,0.907964
204.623,0.907964
204.69,0.907964
204.757,0.907964
204.823,0.907964
204.89,0.907204
204.956,0.907204
205.023,0.907204
205.09,0.907204
205.156,0.907204
205.223,0.907016
205.289,0.907016
205.356,0.907016
205.423,0.907016
205.489,0.907016
205.556,0.906252
205.623,0.906252
205.689,0.906252
205.756,0.906252
205.822,0.906252
205.889,0.904171
205.956,0.904171
206.022,0.904171
206.089,0.904171
206.155,0.904171
206.222,0.899429
206.289,0.899429
206.355,0.899429
206.422,0.899429
206.488,0.899429
206.555,0.896541
206.622,0.896541
206.688,0.896541
206.755,0.896541
206.822,0.896541
206.888,0.897729
206.955,0.897729
207.021,0.897729
207.088,0.897729
207.155,0.897729
207.221,0.902216
207.288,0.902216
207.354,0.902216
207.421,0.902216
207.488,0.902216
207.554,0.899014
207.621,0.899014
207.687,0.899014
207.754,0.899014
207.821,0.899014
207.887,0.897815
207.954,0.897815
208.02,0.897815
208.087,0.897815
208.154,0.897815
208.22,0.897635
208.287,0.897635
208.354,0.897635
208.42,0.897635
208.487,0.897635
208.553,0.896055
208.62,0.896055
208.687,0.896055
208.753,0.896055
208.82,0.896055
208.886,0.890295
208.953,0.890295
209.02,0.890295
209.086,0.890295
209.153,0.890295
209.219,0.886795
209.286,0.886795
209.353,0.886795
209.419,0.886795
209.486,0.886795
209.552,0.884879
209.619,0.884879
209.686,0.884879
209.752,0.884879
209.819,0.884879
209.886,0.883304
209.952,0.883304
210.019,0.883304
210.085,0.883304
210.152,0.883304
210.219,0.882097
210.285,0.882097
210.352,0.882097
210.418,0.882097
210.485,0.882097
210.552,0.885463
210.618,0.885463
210.685,0.885463
210.751,0.885463
210.818,0.885463
210.885,0.885988
210.951,0.885988
211.018,0.885988
211.084,0.885988
211.151,0.885988
211.218,0.885228
211.284,0.885228
211.351,0.885228
211.418,0.885228
211.484,0.885228
211.551,0.884503
211.617,0.884503
211.684,0.884503
211.751,0.884503
211.817,0.884503
211.884,0.883288
211.95,0.883288
212.017,0.883288
212.084,0.883288
212.15,0.883288
212.217,0.883143
212.283,0.883143
212.35,0.883143
212.417,0.883143
212.483,0.883143
212.55,0.880196
212.617,0.880196
212.683,0.880196
212.75,0.880196
212.816,0.880196
212.883,0.880882
212.95,0.880882
213.016,0.880882
213.083,0.880882
213.149,0.880882
213.216,0.880271
213.283,0.880271
213.349,0.880271
213.416,0.880271
213.482,0.880271
213.549,0.879996
213.616,0.879996
213.682,0.879996
213.749,0.879996
213.815,0.879996
213.882,0.877524
213.949,0.877524
214.015,0.877524
214.082,0.877524
214.149,0.877524
214.215,0.876897
214.282,0.876897
214.348,0.876897
214.415,0.876897
214.482,0.876897
214.548,0.877053
214.615,0.877053
214.681,0.877053
214.748,0.877053
214.815,0.877053
214.881,0.876618
214.948,0.876618
215.014,0.876618
215.081,0.876618
215.148,0.876618
215.214,0.875568
215.281,0.875568
215.347,0.875568
215.414,0.875568
215.481,0.875568
215.547,0.874306
215.614,0.874306
215.681,0.874306
215.747,0.874306
215.814,0.874306
215.88,0.874777
215.947,0.874777
216.014,0.874777
216.08,0.874777
216.147,0.874777
216.213,0.873589
216.28,0.873589
216.347,0.873589
216.413,0.873589
216.48,0.873589
216.546,0.873574
216.613,0.873574
216.68,0.873574
216.746,0.873574
216.813,0.873574
216.879,0.874208
216.946,0.874208
217.013,0.874208
217.079,0.874208
217.146,0.874208
217.213,0.874996
217.279,0.874996
217.346,0.874996
217.412,0.874996
217.479,0.874996
217.546,0.875607
217.612,0.875607
217.679,0.875607
217.745,0.875607
217.812,0.875607
217.879,0.875176
217.945,0.875176
218.012,0.875176
218.078,0.875176
218.145,0.875176
218.212,0.876583
218.278,0.876583
218.345,0.876583
218.412,0.876583
218.478,0.876583
218.545,0.876223
218.611,0.876223
218.678,0.876223
218.745,0.876223
218.811,0.876223
218.878,0.880279
218.944,0.880279
219.011,0.880279
219.078,0.880279
219.144,0.880279
219.211,0.879706
219.277,0.879706
219.344,0.879706
219.411,0.879706
219.477,0.879706
219.544,0.87922
219.61,0.87922
219.677,0.87922
219.744,0.87922
219.81,0.87922
219.877,0.877982
219.944,0.877982
220.01,0.877982
220.077,0.877982
220.143,0.877982
220.21,0.877641
220.277,0.877641
220.343,0.877641
220.41,0.877641
220.476,0.877641
220.543,0.879444
220.61,0.879444
220.676,0.879444
220.743,0.879444
220.809,0.879444
220.876,0.878029
220.943,0.878029
221.009,0.878029
221.076,0.878029
221.142,0.878029
221.209,0.878206
221.276,0.878206
221.342,0.878206
221.409,0.878206
221.476,0.878206
221.542,0.877629
221.609,0.877629
221.675,0.877629
221.742,0.877629
221.809,0.877629
221.875,0.876771
221.942,0.876771
222.008,0.876771
222.075,0.876771
222.142,0.876771
222.208,0.873817
222.275,0.873817
222.341,0.873817
222.408,0.873817
222.475,0.873817
222.541,0.873515
222.608,0.873515
222.674,0.873515
222.741,0.873515
222.808,0.873515
222.874,0.871959
222.941,0.871959
223.008,0.871959
223.074,0.871959
223.141,0.871959
223.207,0.872128
223.274,0.872128
223.341,0.872128
223.407,0.872128
223.474,0.872128
223.54,0.87319
223.607,0.87319
223.674,0.87319
223.74,0.87319
223.807,0.87319
223.873,0.875411
223.94,0.875411
224.007,0.875411
224.073,0.875411
224.14,0.875411
224.207,0.876242
224.273,0.876242
224.34,0.876242
224.406,0.876242
224.473,0.876242
224.54,0.876646
224.606,0.876646
224.673,0.876646
224.739,0.876646
224.806,0.876646
224.873,0.876462
224.939,0.876462
225.006,0.876462
225.072,0.876462
225.139,0.876462
225.206,0.876242
225.272,0.876242
225.339,0.876242
225.405,0.876242
225.472,0.876242
225.539,0.876035
225.605,0.876035
225.672,0.876035
225.739,0.876035
225.805,0.876035
225.872,0.875729
225.938,0.875729
226.005,0.875729
226.072,0.875729
226.138,0.875729
226.205,0.875831
226.271,0.875831
226.338,0.875831
226.405,0.875831
226.471,0.875831
226.538,0.875792
226.604,0.875792
226.671,0.875792
226.738,0.875792
226.804,0.875792
226.871,0.875752
226.937,0.875752
227.004,0.875752
227.071,0.875752
227.137,0.875752
227.204,0.874087
227.271,0.874087
227.337,0.874087
227.404,0.874087
227.47,0.874087
227.537,0.873691
227.604,0.873691
227.67,0.873691
227.737,0.873691
227.803,0.873691
227.87,0.873985
227.937,0.873985
228.003,0.873985
228.07,0.873985
228.136,0.873985
228.203,0.873915
228.27,0.873915
228.336,0.873915
228.403,0.873915
228.469,0.873915
228.536,0.874706
228.603,0.874706
228.669,0.874706
228.736,0.874706
228.803,0.874706
228.869,0.882998
228.936,0.882998
229.002,0.882998
229.069,0.882998
229.136,0.882998
229.202,0.883574
229.269,0.883574
229.335,0.883574
229.402,0.883574
229.469,0.883574
229.535,0.884229
229.602,0.884229
229.668,0.884229
229.735,0.884229
229.802,0.884229
229.868,0.884162
229.935,0.884162
230.001,0.884162
230.068,0.884162
230.135,0.884162
230.201,0.885283
230.268,0.885283
230.335,0.885283
230.401,0.885283
230.468,0.885283
230.534,0.888359
230.601,0.888359
230.668,0.888359
230.734,0.888359
230.801,0.888359
230.867,0.888257
230.934,0.888257
231.001,0.888257
231.067,0.888257
231.134,0.888257
231.2,0.88823
231.267,0.88823
231.334,0.88823
231.4,0.88823
231.467,0.88823
231.534,0.88785
231.6,0.88785
231.667,0.88785
231.733,0.88785
231.8,0.88785
231.867,0.887877
231.933,0.887877
232,0.887877
232.066,0.887877
232.133,0.887877
232.2,0.888571
232.266,0.888571
232.333,0.888571
232.399,0.888571
232.466,0.888571
232.533,0.887708
232.599,0.887708
232.666,0.887708
232.732,0.887708
232.799,0.887708
232.866,0.887238
232.932,0.887238
232.999,0.887238
233.066,0.887238
233.132,0.887238
233.199,0.888625
233.265,0.888625
233.332,0.888625
233.399,0.888625
233.465,0.888625
233.532,0.888516
233.598,0.888516
233.665,0.888516
233.732,0.888516
233.798,0.888516
233.865,0.889119
233.931,0.889119
233.998,0.889119
234.065,0.889119
234.131,0.889119
234.198,0.888825
234.264,0.888825
234.331,0.888825
234.398,0.888825
234.464,0.888825
234.531,0.888422
234.598,0.888422
234.664,0.888422
234.731,0.888422
234.797,0.888422
234.864,0.888422
234.931,0.888422
234.997,0.888422
235.064,0.888422
235.13,0.888422
235.197,0.887485
235.264,0.887485
235.33,0.887485
235.397,0.887485
235.463,0.887485
235.53,0.887995
235.597,0.887995
235.663,0.887995
235.73,0.887995
235.796,0.887995
235.863,0.887893
235.93,0.887893
235.996,0.887893
236.063,0.887893
236.13,0.887893
236.196,0.887293
236.263,0.887293
236.329,0.887293
236.396,0.887293
236.463,0.887293
236.529,0.887183
236.596,0.887183
236.662,0.887183
236.729,0.887183
236.796,0.887183
236.862,0.887254
236.929,0.887254
236.995,0.887254
237.062,0.887254
237.129,0.887254
237.195,0.88734
237.262,0.88734
237.329,0.88734
237.395,0.88734
237.462,0.88734
237.528,0.887093
237.595,0.887093
237.662,0.887093
237.728,0.887093
237.795,0.887093
237.861,0.88647
237.928,0.88647
237.995,0.88647
238.061,0.88647
238.128,0.88647
238.194,0.886286
238.261,0.886286
238.328,0.886286
238.394,0.886286
238.461,0.886286
238.527,0.885988
238.594,0.885988
238.661,0.885988
238.727,0.885988
238.794,0.885988
238.861,0.886439
238.927,0.886439
238.994,0.886439
239.06,0.886439
239.127,0.886439
239.194,0.886764
239.26,0.886764
239.327,0.886764
239.393,0.886764
239.46,0.886764
239.527,0.885922
239.593,0.885922
239.66,0.885922
239.726,0.885922
239.793,0.885922
239.86,0.885773
239.926,0.885773
239.993,0.885773
240.059,0.885773
240.126,0.885773
240.193,0.887078
240.259,0.887078
240.326,0.887078
240.393,0.887078
240.459,0.887078
240.526,0.886243
240.592,0.886243
240.659,0.886243
240.726,0.886243
240.792,0.886243
240.859,0.886603
240.925,0.886603
240.992,0.886603
241.059,0.886603
241.125,0.886603
241.192,0.885369
241.258,0.885369
241.325,0.885369
241.392,0.885369
241.458,0.885369
241.525,0.88446
241.591,0.88446
241.658,0.88446
241.725,0.88446
241.791,0.88446
241.858,0.884146
241.925,0.884146
241.991,0.884146
242.058,0.884146
242.124,0.884146
242.191,0.88437
242.258,0.88437
242.324,0.88437
242.391,0.88437
242.457,0.88437
242.524,0.883472
242.591,0.883472
242.657,0.883472
242.724,0.883472
242.79,0.883472
242.857,0.882775
242.924,0.882775
242.99,0.882775
243.057,0.882775
243.124,0.882775
243.19,0.88192
243.257,0.88192
243.323,0.88192
243.39,0.88192
243.457,0.88192
243.523,0.882363
243.59,0.882363
243.656,0.882363
243.723,0.882363
243.79,0.882363
243.856,0.882387
243.923,0.882387
243.989,0.882387
244.056,0.882387
244.123,0.882387
244.189,0.882579
244.256,0.882579
244.322,0.882579
244.389,0.882579
244.456,0.882579
244.522,0.8837
244.589,0.8837
244.656,0.8837
244.722,0.8837
244.789,0.8837
244.855,0.884186
244.922,0.884186
244.989,0.884186
245.055,0.884186
245.122,0.884186
245.188,0.884652
245.255,0.884652
245.322,0.884652
245.388,0.884652
245.455,0.884652
245.521,0.884805
245.588,0.884805
245.655,0.884805
245.721,0.884805
245.788,0.884805
245.854,0.88466
245.921,0.88466
245.988,0.88466
246.054,0.88466
246.121,0.88466
246.188,0.885271
246.254,0.885271
246.321,0.885271
246.387,0.885271
246.454,0.885271
246.521,0.885914
246.587,0.885914
246.654,0.885914
246.72,0.885914
246.787,0.885914
246.854,0.885314
246.92,0.885314
246.987,0.885314
247.053,0.885314
247.12,0.885314
247.187,0.88533
247.253,0.88533
247.32,0.88533
247.386,0.88533
247.453,0.88533
247.52,0.885126
247.586,0.885126
247.653,0.885126
247.72,0.885126
247.786,0.885126
247.853,0.883625
247.919,0.883625
247.986,0.883625
248.053,0.883625
248.119,0.883625
248.186,0.884178
248.252,0.884178
248.319,0.884178
248.386,0.884178
248.452,0.884178
248.519,0.883621
248.585,0.883621
248.652,0.883621
248.719,0.883621
248.785,0.883621
248.852,0.884029
248.919,0.884029
248.985,0.884029
249.052,0.884029
249.118,0.884029
249.185,0.884366
249.252,0.884366
249.318,0.884366
249.385,0.884366
249.451,0.884366
249.518,0.883856
249.585,0.883856
249.651,0.883856
249.718,0.883856
249.784,0.883856
249.851,0.883684
249.918,0.883684
249.984,0.883684
250.051,0.883684
250.117,0.883684
250.184,0.8837
250.251,0.8837
250.317,0.8837
250.384,0.8837
250.451,0.8837
250.517,0.883594
250.584,0.883594
250.65,0.883594
250.717,0.883594
250.784,0.883594
250.85,0.882485
250.917,0.882485
250.983,0.882485
251.05,0.882485
251.117,0.882485
251.183,0.881054
251.25,0.881054
251.316,0.881054
251.383,0.881054
251.45,0.881054
251.516,0.881141
251.583,0.881141
251.649,0.881141
251.716,0.881141
251.783,0.881141
251.849,0.88194
251.916,0.88194
251.983,0.88194
252.049,0.88194
252.116,0.88194
252.182,0.881634
252.249,0.881634
252.316,0.881634
252.382,0.881634
252.449,0.881634
252.515,0.881666
252.582,0.881666
252.649,0.881666
252.715,0.881666
252.782,0.881666
252.848,0.883923
252.915,0.883923
252.982,0.883923
253.048,0.883923
253.115,0.883923
253.181,0.882414
253.248,0.882414
253.315,0.882414
253.381,0.882414
253.448,0.882414
253.515,0.880757
253.581,0.880757
253.648,0.880757
253.714,0.880757
253.781,0.880757
253.848,0.884248
253.914,0.884248
253.981,0.884248
254.047,0.884248
254.114,0.884248
254.181,0.886039
254.247,0.886039
254.314,0.886039
254.38,0.886039
254.447,0.886039
254.514,0.894993
254.58,0.894993
254.647,0.894993
254.714,0.894993
254.78,0.894993
254.847,0.894974
254.913,0.894974
254.98,0.894974
255.047,0.894974
255.113,0.894974
255.18,0.895311
255.246,0.895311
255.313,0.895311
255.38,0.895311
255.446,0.895311
255.513,0.895428
255.579,0.895428
255.646,0.895428
255.713,0.895428
255.779,0.895428
255.846,0.895229
255.912,0.895229
255.979,0.895229
256.046,0.895229
256.112,0.895229
256.179,0.895052
256.246,0.895052
256.312,0.895052
256.379,0.895052
256.445,0.895052
256.512,0.894394
256.579,0.894394
256.645,0.894394
256.712,0.894394
256.778,0.894394
256.845,0.893775
256.912,0.893775
256.978,0.893775
257.045,0.893775
257.111,0.893775
257.178,0.893042
257.245,0.893042
257.311,0.893042
257.378,0.893042
257.444,0.893042
257.511,0.892826
257.578,0.892826
257.644,0.892826
257.711,0.892826
257.778,0.892826
257.844,0.895232
257.911,0.895232
257.977,0.895232
258.044,0.895232
258.111,0.895232
258.177,0.895499
258.244,0.895499
258.31,0.895499
258.377,0.895499
258.444,0.895499
258.51,0.894954
258.577,0.894954
258.643,0.894954
258.71,0.894954
258.777,0.894954
258.843,0.893967
258.91,0.893967
258.976,0.893967
259.043,0.893967
259.11,0.893967
259.176,0.893606
259.243,0.893606
259.31,0.893606
259.376,0.893606
259.443,0.893606
259.509,0.89602
259.576,0.89602
259.643,0.89602
259.709,0.89602
259.776,0.89602
259.842,0.895773
259.909,0.895773
259.976,0.895773
260.042,0.895773
260.109,0.895773
260.175,0.895017
260.242,0.895017
260.309,0.895017
260.375,0.895017
260.442,0.895017
260.509,0.894049
260.575,0.894049
260.642,0.894049
260.708,0.894049
260.775,0.894049
260.842,0.89361
260.908,0.89361
260.975,0.89361
261.041,0.89361
261.108,0.89361
261.175,0.894876
261.241,0.894876
261.308,0.894876
261.374,0.894876
261.441,0.894876
261.508,0.894805
261.574,0.894805
261.641,0.894805
261.707,0.894805
261.774,0.894805
261.841,0.894347
261.907,0.894347
261.974,0.894347
262.041,0.894347
262.107,0.894347
262.174,0.894362
262.24,0.894362
262.307,0.894362
262.374,0.894362
262.44,0.894362
262.507,0.894198
262.573,0.894198
262.64,0.894198
262.707,0.894198
262.773,0.894198
262.84,0.896796
262.906,0.896796
262.973,0.896796
263.04,0.896796
263.106,0.896796
263.173,0.895303
263.239,0.895303
263.306,0.895303
263.373,0.895303
263.439,0.895303
263.506,0.895511
263.573,0.895511
263.639,0.895511
263.706,0.895511
263.772,0.895511
263.839,0.895507
263.906,0.895507
263.972,0.895507
264.039,0.895507
264.105,0.895507
264.172,0.895781
264.239,0.895781
264.305,0.895781
264.372,0.895781
264.438,0.895781
264.505,0.896153
264.572,0.896153
264.638,0.896153
264.705,0.896153
264.771,0.896153
264.838,0.895616
264.905,0.895616
264.971,0.895616
265.038,0.895616
265.105,0.895616
265.171,0.895033
265.238,0.895033
265.304,0.895033
265.371,0.895033
265.438,0.895033
265.504,0.894257
265.571,0.894257
265.637,0.894257
265.704,0.894257
265.771,0.894257
265.837,0.894884
265.904,0.894884
265.97,0.894884
266.037,0.894884
266.104,0.894884
266.17,0.894856
266.237,0.894856
266.304,0.894856
266.37,0.894856
266.437,0.894856
266.503,0.895444
266.57,0.895444
266.637,0.895444
266.703,0.895444
266.77,0.895444
266.836,0.894899
266.903,0.894899
266.97,0.894899
267.036,0.894899
267.103,0.894899
267.169,0.894833
267.236,0.894833
267.303,0.894833
267.369,0.894833
267.436,0.894833
267.502,0.894805
267.569,0.894805
267.636,0.894805
267.702,0.894805
267.769,0.894805
267.836,0.894962
267.902,0.894962
267.969,0.894962
268.035,0.894962
268.102,0.894962
268.169,0.895052
268.235,0.895052
268.302,0.895052
268.368,0.895052
268.435,0.895052
268.502,0.895064
268.568,0.895064
268.635,0.895064
268.701,0.895064
268.768,0.895064
268.835,0.894319
268.901,0.894319
268.968,0.894319
269.034,0.894319
269.101,0.894319
269.168,0.893163
269.234,0.893163
269.301,0.893163
269.368,0.893163
269.434,0.893163
269.501,0.893359
269.567,0.893359
269.634,0.893359
269.701,0.893359
269.767,0.893359
269.834,0.892811
269.9,0.892811
269.967,0.892811
270.034,0.892811
270.1,0.892811
270.167,0.894143
270.233,0.894143
270.3,0.894143
270.367,0.894143
270.433,0.894143
270.5,0.894265
270.566,0.894265
270.633,0.894265
270.7,0.894265
270.766,0.894265
270.833,0.89562
270.9,0.89562
270.966,0.89562
271.033,0.89562
271.099,0.89562
271.166,0.895452
271.233,0.895452
271.299,0.895452
271.366,0.895452
271.432,0.895452
271.499,0.894907
271.566,0.894907
271.632,0.894907
271.699,0.894907
271.765,0.894907
271.832,0.894782
271.899,0.894782
271.965,0.894782
272.032,0.894782
272.099,0.894782
272.165,0.893947
272.232,0.893947
272.298,0.893947
272.365,0.893947
272.432,0.893947
272.498,0.894284
272.565,0.894284
272.631,0.894284
272.698,0.894284
272.765,0.894284
272.831,0.896698
272.898,0.896698
272.964,0.896698
273.031,0.896698
273.098,0.896698
273.164,0.896678
273.231,0.896678
273.297,0.896678
273.364,0.896678
273.431,0.896678
273.497,0.896628
273.564,0.896628
273.631,0.896628
273.697,0.896628
273.764,0.896628
273.83,0.896533
273.897,0.896533
273.964,0.896533
274.03,0.896533
274.097,0.896533
274.163,0.895816
274.23,0.895816
274.297,0.895816
274.363,0.895816
274.43,0.895816
274.496,0.898207
274.563,0.898207
274.63,0.898207
274.696,0.898207
274.763,0.898207
274.829,0.897705
274.896,0.897705
274.963,0.897705
275.029,0.897705
275.096,0.897705
275.163,0.896741
275.229,0.896741
275.296,0.896741
275.362,0.896741
275.429,0.896741
275.496,0.896314
275.562,0.896314
275.629,0.896314
275.695,0.896314
275.762,0.896314
275.829,0.895789
275.895,0.895789
275.962,0.895789
276.028,0.895789
276.095,0.895789
276.162,0.898164
276.228,0.898164
276.295,0.898164
276.361,0.898164
276.428,0.898164
276.495,0.895562
276.561,0.895562
276.628,0.895562
276.695,0.895562
276.761,0.895562
276.828,0.89332
276.894,0.89332
276.961,0.89332
277.028,0.89332
277.094,0.89332
277.161,0.891455
277.227,0.891455
277.294,0.891455
277.361,0.891455
277.427,0.891455
277.494,0.890898
277.56,0.890898
277.627,0.890898
277.694,0.890898
277.76,0.890898
277.827,0.888296
277.894,0.888296
277.96,0.888296
278.027,0.888296
278.093,0.888296
278.16,0.88794
278.227,0.88794
278.293,0.88794
278.36,0.88794
278.426,0.88794
278.493,0.887085
278.56,0.887085
278.626,0.887085
278.693,0.887085
278.759,0.887085
278.826,0.888543
278.893,0.888543
278.959,0.888543
279.026,0.888543
279.092,0.888543
279.159,0.891545
279.226,0.891545
279.292,0.891545
279.359,0.891545
279.426,0.891545
279.492,0.891231
279.559,0.891231
279.625,0.891231
279.692,0.891231
279.759,0.891231
279.825,0.888994
279.892,0.888994
279.958,0.888994
280.025,0.888994
280.092,0.888994
280.158,0.893736
280.225,0.893736
280.291,0.893736
280.358,0.893736
280.425,0.893736
280.491,0.899014
280.558,0.899014
280.624,0.899014
280.691,0.899014
280.758,0.899014
280.824,0.909979
280.891,0.909979
280.958,0.909979
281.024,0.909979
281.091,0.909979
281.157,0.916198
281.224,0.916198
281.291,0.916198
281.357,0.916198
281.424,0.916198
281.49,0.915265
281.557,0.915265
281.624,0.915265
281.69,0.915265
281.757,0.915265
281.823,0.915586
281.89,0.915586
281.957,0.915586
282.023,0.915586
282.09,0.915586
282.156,0.920305
282.223,0.920305
282.29,0.920305
282.356,0.920305
282.423,0.920305
282.49,0.9128
282.556,0.9128
282.623,0.9128
282.689,0.9128
282.756,0.9128
282.823,0.903677
282.889,0.903677
282.956,0.903677
283.022,0.903677
283.089,0.903677
283.156,0.899163
283.222,0.899163
283.289,0.899163
283.355,0.899163
283.422,0.899163
283.489,0.894711
283.555,0.894711
283.622,0.894711
283.688,0.894711
283.755,0.894711
283.822,0.894276
283.888,0.894276
283.955,0.894276
284.022,0.894276
284.088,0.894276
284.155,0.90472
284.221,0.90472
284.288,0.90472
284.355,0.90472
284.421,0.90472
284.488,0.923071
284.554,0.923071
284.621,0.923071
284.688,0.923071
284.754,0.923071
284.821,0.92864
284.887,0.92864
284.954,0.92864
285.021,0.92864
285.087,0.92864
285.154,0.929039
285.221,0.929039
285.287,0.929039
285.354,0.929039
285.42,0.929039
285.487,0.923346
285.554,0.923346
285.62,0.923346
285.687,0.923346
285.753,0.923346
285.82,0.921531
285.887,0.921531
285.953,0.921531
286.02,0.921531
286.086,0.921531
286.153,0.914767
286.22,0.914767
286.286,0.914767
286.353,0.914767
286.419,0.914767
286.486,0.906087
286.553,0.906087
286.619,0.906087
286.686,0.906087
286.753,0.906087
286.819,0.893743
286.886,0.893743
286.952,0.893743
287.019,0.893743
287.086,0.893743
287.152,0.889268
287.219,0.889268
287.285,0.889268
287.352,0.889268
287.419,0.889268
287.485,0.887556
287.552,0.887556
287.618,0.887556
287.685,0.887556
287.752,0.887556
287.818,0.87355
287.885,0.87355
287.951,0.87355
288.018,0.87355
288.085,0.87355
288.151,0.844673
288.218,0.844673
288.285,0.844673
288.351,0.844673
288.418,0.844673
288.484,0.827634
288.551,0.827634
288.618,0.827634
288.684,0.827634
288.751,0.827634
288.817,0.820569
288.884,0.820569
288.951,0.820569
289.017,0.820569
289.084,0.820569
289.15,0.829088
289.217,0.829088
289.284,0.829088
289.35,0.829088
289.417,0.829088
289.483,0.80565
289.55,0.80565
289.617,0.80565
289.683,0.80565
289.75,0.80565
289.817,0.824064
289.883,0.824064
289.95,0.824064
290.016,0.824064
290.083,0.824064
290.15,0.827638
290.216,0.827638
290.283,0.827638
290.349,0.827638
290.416,0.827638
290.483,0.820306
290.549,0.820306
290.616,0.820306
290.682,0.820306
290.749,0.820306
290.816,0.813519
290.882,0.813519
290.949,0.813519
291.016,0.813519
291.082,0.813519
291.149,0.80085
291.215,0.80085
291.282,0.80085
291.349,0.80085
291.415,0.80085
291.482,0.804733
291.548,0.804733
291.615,0.804733
291.682,0.804733
291.748,0.804733
291.815,0.764139
291.881,0.764139
291.948,0.764139
292.015,0.764139
292.081,0.764139
292.148,0.768732
292.214,0.768732
292.281,0.768732
292.348,0.768732
292.414,0.768732
292.481,0.756662
292.548,0.756662
292.614,0.756662
292.681,0.756662
292.747,0.756662
292.814,0.682394
292.881,0.682394
292.947,0.682394
293.014,0.682394
293.08,0.682394
293.147,0.646024
293.214,0.646024
293.28,0.646024
293.347,0.646024
293.413,0.646024
293.48,0.60628
293.547,0.60628
293.613,0.60628
293.68,0.60628
293.746,0.60628
293.813,0.596511
293.88,0.596511
293.946,0.596511
294.013,0.596511
294.08,0.596511
294.146,0.646992
294.213,0.646992
294.279,0.646992
294.346,0.646992
294.413,0.646992
294.479,0.683025
294.546,0.683025
294.612,0.683025
294.679,0.683025
294.746,0.683025
294.812,0.715088
294.879,0.715088
294.945,0.715088
295.012,0.715088
295.079,0.715088
295.145,0.705863
295.212,0.705863
295.278,0.705863
295.345,0.705863
295.412,0.705863
295.478,0.673937
295.545,0.673937
295.612,0.673937
295.678,0.673937
295.745,0.673937
295.811,0.679819
295.878,0.679819
295.945,0.679819
296.011,0.679819
296.078,0.679819
296.144,0.69752
296.211,0.69752
296.278,0.69752
296.344,0.69752
296.411,0.69752
296.477,0.714445
296.544,0.714445
296.611,0.714445
296.677,0.714445
296.744,0.714445
296.811,0.71729
296.877,0.71729
296.944,0.71729
297.01,0.71729
297.077,0.71729
297.144,0.711322
297.21,0.711322
297.277,0.711322
297.343,0.711322
297.41,0.711322
297.477,0.714912
297.543,0.714912
297.61,0.714912
297.676,0.714912
297.743,0.714912
297.81,0.726229
297.876,0.726229
297.943,0.726229
298.009,0.726229
298.076,0.726229
298.143,0.74674
298.209,0.74674
298.276,0.74674
298.343,0.74674
298.409,0.74674
298.476,0.731351
298.542,0.731351
298.609,0.731351
298.676,0.731351
298.742,0.731351
298.809,0.662694
298.875,0.662694
298.942,0.662694
299.009,0.662694
299.075,0.662694
299.142,0.653619
299.208,0.653619
299.275,0.653619
299.342,0.653619
299.408,0.653619
299.475,0.657902
299.541,0.657902
299.608,0.657902
299.675,0.657902
299.741,0.657902
299.808,0.673373
299.875,0.673373
299.941,0.673373
300.008,0.673373
300.074,0.673373
300.141,0.736837
300.208,0.736837
300.274,0.736837
300.341,0.736837
300.407,0.736837
300.474,0.781801
300.541,0.781801
300.607,0.781801
300.674,0.781801
300.74,0.781801
300.807,0.859211
300.874,0.859211
300.94,0.859211
301.007,0.859211
301.073,0.859211
301.14,0.876642
301.207,0.876642
301.273,0.876642
301.34,0.876642
301.407,0.876642
301.473,0.899065
301.54,0.899065
301.606,0.899065
301.673,0.899065
301.74,0.899065
301.806,0.921288
301.873,0.921288
301.939,0.921288
302.006,0.921288
302.073,0.921288
302.139,0.92728
302.206,0.92728
302.272,0.92728
302.339,0.92728
302.406,0.92728
302.472,0.930881
302.539,0.930881
302.606,0.930881
302.672,0.930881
302.739,0.930881
302.805,0.937104
302.872,0.937104
302.939,0.937104
303.005,0.937104
303.072,0.937104
303.138,0.9273
303.205,0.9273
303.272,0.9273
303.338,0.9273
303.405,0.9273
303.471,0.914419
303.538,0.914419
303.605,0.914419
303.671,0.914419
303.738,0.914419
303.804,0.885941
303.871,0.885941
303.938,0.885941
304.004,0.885941
304.071,0.885941
304.138,0.853561
304.204,0.853561
304.271,0.853561
304.337,0.853561
304.404,0.853561
304.471,0.811642
304.537,0.811642
304.604,0.811642
304.67,0.811642
304.737,0.811642
304.804,0.790763
304.87,0.790763
304.937,0.790763
305.003,0.790763
305.07,0.790763
305.137,0.756576
305.203,0.756576
305.27,0.756576
305.336,0.756576
305.403,0.756576
305.47,0.741532
305.536,0.741532
305.603,0.741532
305.67,0.741532
305.736,0.741532
305.803,0.750882
305.869,0.750882
305.936,0.750882
306.003,0.750882
306.069,0.750882
306.136,0.803459
306.202,0.803459
306.269,0.803459
306.336,0.803459
306.402,0.803459
306.469,0.808209
306.535,0.808209
306.602,0.808209
306.669,0.808209
306.735,0.808209
306.802,0.814663
306.868,0.814663
306.935,0.814663
307.002,0.814663
307.068,0.814663
307.135,0.823512
307.202,0.823512
307.268,0.823512
307.335,0.823512
307.401,0.823512
307.468,0.827336
307.535,0.827336
307.601,0.827336
307.668,0.827336
307.734,0.827336
307.801,0.82475
307.868,0.82475
307.934,0.82475
308.001,0.82475
308.067,0.82475
308.134,0.725923
308.201,0.725923
308.267,0.725923
308.334,0.725923
308.401,0.725923
308.467,0.683828
308.534,0.683828
308.6,0.683828
308.667,0.683828
308.734,0.683828
308.8,0.684024
308.867,0.684024
308.933,0.684024
309,0.684024
309.067,0.684024
309.133,0.755255
309.2,0.755255
309.266,0.755255
309.333,0.755255
309.4,0.755255
309.466,0.786476
309.533,0.786476
309.599,0.786476
309.666,0.786476
309.733,0.786476
309.799,0.791033
309.866,0.791033
309.933,0.791033
309.999,0.791033
310.066,0.791033
310.132,0.802727
310.199,0.802727
310.266,0.802727
310.332,0.802727
310.399,0.802727
310.465,0.785904
310.532,0.785904
310.599,0.785904
310.665,0.785904
310.732,0.785904
310.798,0.764429
310.865,0.764429
310.932,0.764429
310.998,0.764429
311.065,0.764429
311.131,0.749792
311.198,0.749792
311.265,0.749792
311.331,0.749792
311.398,0.749792
311.465,0.665198
311.531,0.665198
311.598,0.665198
311.664,0.665198
311.731,0.665198
311.798,0.540171
311.864,0.540171
311.931,0.540171
311.997,0.540171
312.064,0.540171
312.131,0.459743
312.197,0.459743
312.264,0.459743
312.33,0.459743
312.397,0.459743
312.464,0.452893
312.53,0.452893
312.597,0.452893
312.663,0.452893
312.73,0.452893
312.797,0.463399
312.863,0.463399
312.93,0.463399
312.997,0.463399
313.063,0.463399
313.13,0.48639
313.196,0.48639
313.263,0.48639
313.33,0.48639
313.396,0.48639
313.463,0.500862
313.529,0.500862
313.596,0.500862
313.663,0.500862
313.729,0.500862
313.796,0.521686
313.862,0.521686
313.929,0.521686
313.996,0.521686
314.062,0.521686
314.129,0.578112
314.196,0.578112
314.262,0.578112
314.329,0.578112
314.395,0.578112
314.462,0.660484
314.529,0.660484
314.595,0.660484
314.662,0.660484
314.728,0.660484
314.795,0.677734
314.862,0.677734
314.928,0.677734
314.995,0.677734
315.061,0.677734
315.128,0.644127
315.195,0.644127
315.261,0.644127
315.328,0.644127
315.394,0.644127
315.461,0.631043
315.528,0.631043
315.594,0.631043
315.661,0.631043
315.728,0.631043
315.794,0.549874
315.861,0.549874
315.927,0.549874
315.994,0.549874
316.061,0.549874
316.127,0.458375
316.194,0.458375
316.26,0.458375
316.327,0.458375
316.394,0.458375
316.46,0.434874
316.527,0.434874
316.593,0.434874
316.66,0.434874
316.727,0.434874
316.793,0.394374
316.86,0.394374
316.926,0.394374
316.993,0.394374
317.06,0.394374
317.126,0.352922
317.193,0.352922
317.26,0.352922
317.326,0.352922
317.393,0.352922
317.459,0.307265
317.526,0.307265
317.593,0.307265
317.659,0.307265
317.726,0.307265
317.792,0.259683
317.859,0.259683
317.926,0.259683
317.992,0.259683
318.059,0.259683
318.125,0.21742
318.192,0.21742
318.259,0.21742
318.325,0.21742
318.392,0.21742
318.458,0.178099
318.525,0.178099
318.592,0.178099
318.658,0.178099
318.725,0.178099
318.792,0.15133
318.858,0.15133
318.925,0.15133
318.991,0.15133
319.058,0.15133
319.125,0.130561
319.191,0.130561
319.258,0.130561
319.324,0.130561
319.391,0.130561
319.458,0.112578
319.524,0.112578
319.591,0.112578
319.657,0.112578
319.724,0.112578
319.791,0.0996849
319.857,0.0996849
319.924,0.0996849
319.991,0.0996849
320.057,0.0996849
320.124,0.0986739
320.19,0.0986739
320.257,0.0986739
320.324,0.0986739
320.39,0.0986739
320.457,0.0994576
320.523,0.0994576
320.59,0.0994576
320.657,0.0994576
320.723,0.0994576
320.79,0.102115
320.856,0.102115
320.923,0.102115
320.99,0.102115
321.056,0.102115
321.123,0.104717
321.189,0.104717
321.256,0.104717
321.323,0.104717
321.389,0.104717
321.456,0.105179
321.523,0.105179
321.589,0.105179
321.656,0.105179
321.722,0.105179
321.789,0.104916
321.856,0.104916
321.922,0.104916
321.989,0.104916
322.055,0.104916
322.122,0.106844
322.189,0.106844
322.255,0.106844
322.322,0.106844
322.388,0.106844
322.455,0.107816
322.522,0.107816
322.588,0.107816
322.655,0.107816
322.721,0.107816
322.788,0.108518
322.855,0.108518
322.921,0.108518
322.988,0.108518
323.055,0.108518
323.121,0.108772
323.188,0.108772
323.254,0.108772
323.321,0.108772
323.388,0.108772
323.454,0.109431
323.521,0.109431
323.587,0.109431
323.654,0.109431
323.721,0.109431
323.787,0.109654
323.854,0.109654
323.92,0.109654
323.987,0.109654
324.054,0.109654
324.12,0.108882
324.187,0.108882
324.253,0.108882
324.32,0.108882
324.387,0.108882
324.453,0.108972
324.52,0.108972
324.587,0.108972
324.653,0.108972
324.72,0.108972
324.786,0.108204
324.853,0.108204
324.92,0.108204
324.986,0.108204
325.053,0.108204
325.119,0.10793
325.186,0.10793
325.253,0.10793
325.319,0.10793
325.386,0.10793
325.452,0.107805
325.519,0.107805
325.586,0.107805
325.652,0.107805
325.719,0.107805
325.786,0.108028
325.852,0.108028
325.919,0.108028
325.985,0.108028
326.052,0.108028
326.119,0.106919
326.185,0.106919
326.252,0.106919
326.318,0.106919
326.385,0.106919
326.452,0.109243
326.518,0.109243
326.585,0.109243
326.651,0.109243
326.718,0.109243
326.785,0.11141
326.851,0.11141
326.918,0.11141
326.984,0.11141
327.051,0.11141
327.118,0.106049
327.184,0.106049
327.251,0.106049
327.318,0.106049
327.384,0.106049
327.451,0.110477
327.517,0.110477
327.584,0.110477
327.651,0.110477
327.717,0.110477
327.784,0.137046
327.85,0.137046
327.917,0.137046
327.984,0.137046
328.05,0.137046
328.117,0.158501
328.183,0.158501
328.25,0.158501
328.317,0.158501
328.383,0.158501
328.45,0.200898
328.516,0.200898
328.583,0.200898
328.65,0.200898
328.716,0.200898
328.783,0.209092
328.85,0.209092
328.916,0.209092
328.983,0.209092
329.049,0.209092
329.116,0.226664
329.183,0.226664
329.249,0.226664
329.316,0.226664
329.382,0.226664
329.449,0.220206
329.516,0.220206
329.582,0.220206
329.649,0.220206
329.715,0.220206
329.782,0.168384
329.849,0.168384
329.915,0.168384
329.982,0.168384
330.048,0.168384
330.115,0.138018
330.182,0.138018
330.248,0.138018
330.315,0.138018
330.382,0.138018
330.448,0.142666
330.515,0.142666
330.581,0.142666
330.648,0.142666
330.715,0.142666
330.781,0.162647
330.848,0.162647
330.914,0.162647
330.981,0.162647
331.048,0.162647
331.114,0.191258
331.181,0.191258
331.247,0.191258
331.314,0.191258
331.381,0.191258
331.447,0.20225
331.514,0.20225
331.581,0.20225
331.647,0.20225
331.714,0.20225
331.78,0.208794
331.847,0.208794
331.914,0.208794
331.98,0.208794
332.047,0.208794
332.113,0.219442
332.18,0.219442
332.247,0.219442
332.313,0.219442
332.38,0.219442
332.446,0.215092
332.513,0.215092
332.58,0.215092
332.646,0.215092
332.713,0.215092
332.779,0.193335
332.846,0.193335
332.913,0.193335
332.979,0.193335
333.046,0.193335
333.113,0.152204
333.179,0.152204
333.246,0.152204
333.312,0.152204
333.379,0.152204
333.446,0.158748
333.512,0.158748
333.579,0.158748
333.645,0.158748
333.712,0.158748
333.779,0.160523
333.845,0.160523
333.912,0.160523
333.978,0.160523
334.045,0.160523
334.112,0.135827
334.178,0.135827
334.245,0.135827
334.311,0.135827
334.378,0.135827
334.445,0.140977
334.511,0.140977
334.578,0.140977
334.645,0.140977
334.711,0.140977
334.778,0.126677
334.844,0.126677
334.911,0.126677
334.978,0.126677
335.044,0.126677
335.111,0.118017
335.177,0.118017
335.244,0.118017
335.311,0.118017
335.377,0.118017
335.444,0.120576
335.51,0.120576
335.577,0.120576
335.644,0.120576
335.71,0.120576
335.777,0.120936
335.843,0.120936
335.91,0.120936
335.977,0.120936
336.043,0.120936
336.11,0.134385
336.177,0.134385
336.243,0.134385
336.31,0.134385
336.376,0.134385
336.443,0.163133
336.51,0.163133
336.576,0.163133
336.643,0.163133
336.709,0.163133
336.776,0.193159
336.843,0.193159
336.909,0.193159
336.976,0.193159
337.042,0.193159
337.109,0.233208
337.176,0.233208
337.242,0.233208
337.309,0.233208
337.375,0.233208
337.442,0.293463
337.509,0.293463
337.575,0.293463
337.642,0.293463
337.709,0.293463
337.775,0.355641
337.842,0.355641
337.908,0.355641
337.975,0.355641
338.042,0.355641
338.108,0.394394
338.175,0.394394
338.241,0.394394
338.308,0.394394
338.375,0.394394
338.441,0.379405
338.508,0.379405
338.574,0.379405
338.641,0.379405
338.708,0.379405
338.774,0.338485
338.841,0.338485
338.908,0.338485
338.974,0.338485
339.041,0.338485
339.107,0.289521
339.174,0.289521
339.241,0.289521
339.307,0.289521
339.374,0.289521
339.44,0.267384
339.507,0.267384
339.574,0.267384
339.64,0.267384
339.707,0.267384
339.773,0.240203
339.84,0.240203
339.907,0.240203
339.973,0.240203
340.04,0.240203
340.106,0.220754
340.173,0.220754
340.24,0.220754
340.306,0.220754
340.373,0.220754
340.44,0.212439
340.506,0.212439
340.573,0.212439
340.639,0.212439
340.706,0.212439
340.773,0.20459
340.839,0.20459
340.906,0.20459
340.972,0.20459
341.039,0.20459
341.106,0.165116
341.172,0.165116
341.239,0.165116
341.305,0.165116
341.372,0.165116
341.439,0.118005
341.505,0.118005
341.572,0.118005
341.638,0.118005
341.705,0.118005
341.772,0.105155
341.838,0.105155
341.905,0.105155
341.972,0.105155
342.038,0.105155
342.105,0.108737
342.171,0.108737
342.238,0.108737
342.305,0.108737
342.371,0.108737
342.438,0.108937
342.504,0.108937
342.571,0.108937
342.638,0.108937
342.704,0.108937
342.771,0.109004
342.837,0.109004
342.904,0.109004
342.971,0.109004
343.037,0.109004
343.104,0.108635
343.17,0.108635
343.237,0.108635
343.304,0.108635
343.37,0.108635
343.437,0.108702
343.504,0.108702
343.57,0.108702
343.637,0.108702
343.703,0.108702
343.77,0.107703
343.837,0.107703
343.903,0.107703
343.97,0.107703
344.036,0.107703
344.103,0.108357
344.17,0.108357
344.236,0.108357
344.303,0.108357
344.369,0.108357
344.436,0.108349
344.503,0.108349
344.569,0.108349
344.636,0.108349
344.703,0.108349
344.769,0.108686
344.836,0.108686
344.902,0.108686
344.969,0.108686
345.036,0.108686
345.102,0.108608
345.169,0.108608
345.235,0.108608
345.302,0.108608
345.369,0.108608
345.435,0.110026
345.502,0.110026
345.568,0.110026
345.635,0.110026
345.702,0.110026
345.768,0.110211
345.835,0.110211
345.901,0.110211
345.968,0.110211
346.035,0.110211
346.101,0.108314
346.168,0.108314
346.235,0.108314
346.301,0.108314
346.368,0.108314
346.434,0.108761
346.501,0.108761
346.568,0.108761
346.634,0.108761
346.701,0.108761
346.767,0.108914
346.834,0.108914
346.901,0.108914
346.967,0.108914
347.034,0.108914
347.1,0.109027
347.167,0.109027
347.234,0.109027
347.3,0.109027
347.367,0.109027
347.433,0.108988
347.5,0.108988
347.567,0.108988
347.633,0.108988
347.7,0.108988
347.767,0.108635
347.833,0.108635
347.9,0.108635
347.966,0.108635
348.033,0.108635
348.1,0.108279
348.166,0.108279
348.233,0.108279
348.299,0.108279
348.366,0.108279
348.433,0.108506
348.499,0.108506
348.566,0.108506
348.632,0.108506
348.699,0.108506
348.766,0.108467
348.832,0.108467
348.899,0.108467
348.965,0.108467
349.032,0.108467
349.099,0.108741
349.165,0.108741
349.232,0.108741
349.299,0.108741
349.365,0.108741
349.432,0.108796
349.498,0.108796
349.565,0.108796
349.632,0.108796
349.698,0.108796
349.765,0.109274
349.831,0.109274
349.898,0.109274
349.965,0.109274
350.031,0.109274
350.098,0.109889
350.164,0.109889
350.231,0.109889
350.298,0.109889
350.364,0.109889
350.431,0.138179
350.498,0.138179
350.564,0.138179
350.631,0.138179
350.697,0.138179
350.764,0.160649
350.831,0.160649
350.897,0.160649
350.964,0.160649
351.03,0.160649
351.097,0.16271
351.164,0.16271
351.23,0.16271
351.297,0.16271
351.363,0.16271
351.43,0.166347
351.497,0.166347
351.563,0.166347
351.63,0.166347
351.696,0.166347
351.763,0.174764
351.83,0.174764
351.896,0.174764
351.963,0.174764
352.03,0.174764
352.096,0.179286
352.163,0.179286
352.229,0.179286
352.296,0.179286
352.363,0.179286
352.429,0.204433
352.496,0.204433
352.562,0.204433
352.629,0.204433
352.696,0.204433
352.762,0.24882
352.829,0.24882
352.895,0.24882
352.962,0.24882
353.029,0.24882
353.095,0.270299
353.162,0.270299
353.228,0.270299
353.295,0.270299
353.362,0.270299
353.428,0.300085
353.495,0.300085
353.562,0.300085
353.628,0.300085
353.695,0.300085
353.761,0.312759
353.828,0.312759
353.895,0.312759
353.961,0.312759
354.028,0.312759
354.094,0.315372
354.161,0.315372
354.228,0.315372
354.294,0.315372
354.361,0.315372
354.427,0.315655
354.494,0.315655
354.561,0.315655
354.627,0.315655
354.694,0.315655
354.76,0.299494
354.827,0.299494
354.894,0.299494
354.96,0.299494
355.027,0.299494
355.094,0.306171
355.16,0.306171
355.227,0.306171
355.293,0.306171
355.36,0.306171
355.427,0.315388
355.493,0.315388
355.56,0.315388
355.626,0.315388
355.693,0.315388
355.76,0.318837
355.826,0.318837
355.893,0.318837
355.959,0.318837
356.026,0.318837
356.093,0.320694
356.159,0.320694
356.226,0.320694
356.293,0.320694
356.359,0.320694
356.426,0.326925
356.492,0.326925
356.559,0.326925
356.626,0.326925
356.692,0.326925
356.759,0.359576
356.825,0.359576
356.892,0.359576
356.959,0.359576
357.025,0.359576
357.092,0.391294
357.158,0.391294
357.225,0.391294
357.292,0.391294
357.358,0.391294
357.425,0.378711
357.491,0.378711
357.558,0.378711
357.625,0.378711
357.691,0.378711
357.758,0.369228
357.825,0.369228
357.891,0.369228
357.958,0.369228
358.024,0.369228
358.091,0.372947
358.158,0.372947
358.224,0.372947
358.291,0.372947
358.357,0.372947
358.424,0.378503
358.491,0.378503
358.557,0.378503
358.624,0.378503
358.69,0.378503
358.757,0.386239
358.824,0.386239
358.89,0.386239
358.957,0.386239
359.023,0.386239
359.09,0.401142
359.157,0.401142
359.223,0.401142
359.29,0.401142
359.357,0.401142
359.423,0.411648
359.49,0.411648
359.556,0.411648
359.623,0.411648
359.69,0.411648
359.756,0.409238
359.823,0.409238
359.889,0.409238
359.956,0.409238
360.023,0.409238
360.089,0.410629
360.156,0.410629
360.222,0.410629
360.289,0.410629
360.356,0.410629
360.422,0.4082
360.489,0.4082
360.555,0.4082
360.622,0.4082
360.689,0.4082
360.755,0.413251
360.822,0.413251
360.889,0.413251
360.955,0.413251
361.022,0.413251
361.088,0.432163
361.155,0.432163
361.222,0.432163
361.288,0.432163
361.355,0.432163
361.421,0.449244
361.488,0.449244
361.555,0.449244
361.621,0.449244
361.688,0.449244
361.754,0.469379
361.821,0.469379
361.888,0.469379
361.954,0.469379
362.021,0.469379
362.088,0.492895
362.154,0.492895
362.221,0.492895
362.287,0.492895
362.354,0.492895
362.421,0.517062
362.487,0.517062
362.554,0.517062
362.62,0.517062
362.687,0.517062
362.754,0.539709
362.82,0.539709
362.887,0.539709
362.953,0.539709
363.02,0.539709
363.087,0.548616
363.153,0.548616
363.22,0.548616
363.286,0.548616
363.353,0.548616
363.42,0.555677
363.486,0.555677
363.553,0.555677
363.62,0.555677
363.686,0.555677
363.753,0.555086
363.819,0.555086
363.886,0.555086
363.953,0.555086
364.019,0.555086
364.086,0.55652
364.152,0.55652
364.219,0.55652
364.286,0.55652
364.352,0.55652
364.419,0.555152
364.485,0.555152
364.552,0.555152
364.619,0.555152
364.685,0.555152
364.752,0.547538
364.818,0.547538
364.885,0.547538
364.952,0.547538
365.018,0.547538
365.085,0.559193
365.152,0.559193
365.218,0.559193
365.285,0.559193
365.351,0.559193
365.418,0.57598
365.485,0.57598
365.551,0.57598
365.618,0.57598
365.684,0.57598
365.751,0.58506
365.818,0.58506
365.884,0.58506
365.951,0.58506
366.017,0.58506
366.084,0.605782
366.151,0.605782
366.217,0.605782
366.284,0.605782
366.35,0.605782
366.417,0.635753
366.484,0.635753
366.55,0.635753
366.617,0.635753
366.684,0.635753
366.75,0.677358
366.817,0.677358
366.883,0.677358
366.95,0.677358
367.017,0.677358
367.083,0.718928
367.15,0.718928
367.216,0.718928
367.283,0.718928
367.35,0.718928
367.416,0.739933
367.483,0.739933
367.549,0.739933
367.616,0.739933
367.683,0.739933
367.749,0.794803
367.816,0.794803
367.883,0.794803
367.949,0.794803
368.016,0.794803
368.082,0.804717
368.149,0.804717
368.216,0.804717
368.282,0.804717
368.349,0.804717
368.415,0.835319
368.482,0.835319
368.549,0.835319
368.615,0.835319
368.682,0.835319
368.748,0.849285
368.815,0.849285
368.882,0.849285
368.948,0.849285
369.015,0.849285
369.081,0.852871
369.148,0.852871
369.215,0.852871
369.281,0.852871
369.348,0.852871
369.415,0.869992
369.481,0.869992
369.548,0.869992
369.614,0.869992
369.681,0.869992
369.748,0.871595
369.814,0.871595
369.881,0.871595
369.947,0.871595
370.014,0.871595
370.081,0.871007
370.147,0.871007
370.214,0.871007
370.28,0.871007
370.347,0.871007
370.414,0.870203
370.48,0.870203
370.547,0.870203
370.613,0.870203
370.68,0.870203
370.747,0.868213
370.813,0.868213
370.88,0.868213
370.947,0.868213
371.013,0.868213
371.08,0.862997
371.146,0.862997
371.213,0.862997
371.28,0.862997
371.346,0.862997
371.413,0.863091
371.479,0.863091
371.546,0.863091
371.613,0.863091
371.679,0.863091
371.746,0.856692
371.812,0.856692
371.879,0.856692
371.946,0.856692
372.012,0.856692
372.079,0.859086
372.145,0.859086
372.212,0.859086
372.279,0.859086
372.345,0.859086
372.412,0.874808
372.479,0.874808
372.545,0.874808
372.612,0.874808
372.678,0.874808
372.745,0.890444
372.812,0.890444
372.878,0.890444
372.945,0.890444
373.011,0.890444
373.078,0.893336
373.145,0.893336
373.211,0.893336
373.278,0.893336
373.344,0.893336
373.411,0.89285
373.478,0.89285
373.544,0.89285
373.611,0.89285
373.678,0.89285
373.744,0.893257
373.811,0.893257
373.877,0.893257
373.944,0.893257
374.011,0.893257
374.077,0.893939
374.144,0.893939
374.21,0.893939
374.277,0.893939
374.344,0.893939
374.41,0.89613
374.477,0.89613
374.543,0.89613
374.61,0.89613
374.677,0.89613
374.743,0.897529
374.81,0.897529
374.876,0.897529
374.943,0.897529
375.01,0.897529
375.076,0.895209
375.143,0.895209
375.21,0.895209
375.276,0.895209
375.343,0.895209
375.409,0.895891
375.476,0.895891
375.543,0.895891
375.609,0.895891
375.676,0.895891
375.742,0.90066
375.809,0.90066
375.876,0.90066
375.942,0.90066
376.009,0.90066
376.075,0.909277
376.142,0.909277
376.209,0.909277
376.275,0.909277
376.342,0.909277
376.408,0.909642
376.475,0.909642
376.542,0.909642
376.608,0.909642
376.675,0.909642
376.742,0.908407
376.808,0.908407
376.875,0.908407
376.941,0.908407
377.008,0.908407
377.075,0.907447
377.141,0.907447
377.208,0.907447
377.274,0.907447
377.341,0.907447
377.408,0.909081
377.474,0.909081
377.541,0.909081
377.607,0.909081
377.674,0.909081
377.741,0.906322
377.807,0.906322
377.874,0.906322
377.94,0.906322
378.007,0.906322
378.074,0.907185
378.14,0.907185
378.207,0.907185
378.274,0.907185
378.34,0.907185
378.407,0.908874
378.473,0.908874
378.54,0.908874
378.607,0.908874
378.673,0.908874
378.74,0.90816
378.806,0.90816
378.873,0.90816
378.94,0.90816
379.006,0.90816
379.073,0.907639
379.139,0.907639
379.206,0.907639
379.273,0.907639
379.339,0.907639
379.406,0.907471
379.473,0.907471
379.539,0.907471
379.606,0.907471
379.672,0.907471
379.739,0.908513
379.806,0.908513
379.872,0.908513
379.939,0.908513
380.005,0.908513
380.072,0.909023
380.139,0.909023
380.205,0.909023
380.272,0.909023
380.338,0.909023
380.405,0.909324
380.472,0.909324
380.538,0.909324
380.605,0.909324
380.671,0.909324
380.738,0.909642
380.805,0.909642
380.871,0.909642
380.938,0.909642
381.005,0.909642
381.071,0.906005
381.138,0.906005
381.204,0.906005
381.271,0.906005
381.338,0.906005
381.404,0.906448
381.471,0.906448
381.537,0.906448
381.604,0.906448
381.671,0.906448
381.737,0.906178
381.804,0.906178
381.87,0.906178
381.937,0.906178
382.004,0.906178
382.07,0.905856
Time taken: 32.857